{"name": "Ingest to Qdrant Vector Store RAG", "description": "Load your data for chat context with Retrieval Augmented Generation.", "icon": null, "icon_bg_color": null, "gradient": null, "data": {"nodes": [{"data": {"id": "OpenAIEmbeddings-AUgNx", "node": {"base_classes": ["Embeddings"], "beta": false, "conditional_paths": [], "custom_fields": {}, "description": "Generate embeddings using OpenAI models.", "display_name": "OpenAI Embeddings", "documentation": "", "edited": false, "field_order": ["default_headers", "default_query", "chunk_size", "client", "deployment", "embedding_ctx_length", "max_retries", "model", "model_kwargs", "openai_api_key", "openai_api_base", "openai_api_type", "openai_api_version", "openai_organization", "openai_proxy", "request_timeout", "show_progress_bar", "skip_empty", "tiktoken_model_name", "tiktoken_enable", "dimensions"], "frozen": false, "icon": "OpenAI", "legacy": false, "lf_version": "1.4.2", "metadata": {}, "output_types": [], "outputs": [{"allows_loop": false, "cache": true, "display_name": "Embeddings", "hidden": false, "method": "build_embeddings", "name": "embeddings", "required_inputs": ["openai_api_key"], "selected": "Embeddings", "tool_mode": true, "types": ["Embeddings"], "value": "__UNDEFINED__"}], "pinned": false, "template": {"_type": "Component", "chunk_size": {"_input_type": "IntInput", "advanced": false, "display_name": "Chunk Size", "dynamic": false, "info": "", "list": false, "name": "chunk_size", "placeholder": "", "required": false, "show": true, "title_case": false, "trace_as_metadata": true, "type": "int", "value": 3072}, "client": {"_input_type": "MessageTextInput", "advanced": true, "display_name": "Client", "dynamic": false, "info": "", "input_types": ["Message"], "list": false, "load_from_db": false, "name": "client", "placeholder": "", "required": false, "show": true, "title_case": false, "tool_mode": false, "trace_as_input": true, "trace_as_metadata": true, "type": "str", "value": ""}, "code": {"advanced": true, "dynamic": true, "fileTypes": [], "file_path": "", "info": "", "list": false, "load_from_db": false, "multiline": true, "name": "code", "password": false, "placeholder": "", "required": true, "show": true, "title_case": false, "type": "code", "value": "from langchain_openai import OpenAIEmbeddings\n\nfrom langflow.base.embeddings.model import LCEmbeddingsModel\nfrom langflow.base.models.openai_constants import OPENAI_EMBEDDING_MODEL_NAMES\nfrom langflow.field_typing import Embeddings\nfrom langflow.io import BoolInput, DictInput, DropdownInput, FloatInput, IntInput, MessageTextInput, SecretStrInput\n\n\nclass OpenAIEmbeddingsComponent(LCEmbeddingsModel):\n    display_name = \"OpenAI Embeddings\"\n    description = \"Generate embeddings using OpenAI models.\"\n    icon = \"OpenAI\"\n    name = \"OpenAIEmbeddings\"\n\n    inputs = [\n        DictInput(\n            name=\"default_headers\",\n            display_name=\"Default Headers\",\n            advanced=True,\n            info=\"Default headers to use for the API request.\",\n        ),\n        DictInput(\n            name=\"default_query\",\n            display_name=\"Default Query\",\n            advanced=True,\n            info=\"Default query parameters to use for the API request.\",\n        ),\n        IntInput(name=\"chunk_size\", display_name=\"Chunk Size\", advanced=True, value=1000),\n        MessageTextInput(name=\"client\", display_name=\"Client\", advanced=True),\n        MessageTextInput(name=\"deployment\", display_name=\"Deployment\", advanced=True),\n        IntInput(name=\"embedding_ctx_length\", display_name=\"Embedding Context Length\", advanced=True, value=1536),\n        IntInput(name=\"max_retries\", display_name=\"Max Retries\", value=3, advanced=True),\n        DropdownInput(\n            name=\"model\",\n            display_name=\"Model\",\n            advanced=False,\n            options=OPENAI_EMBEDDING_MODEL_NAMES,\n            value=\"text-embedding-3-small\",\n        ),\n        DictInput(name=\"model_kwargs\", display_name=\"Model Kwargs\", advanced=True),\n        SecretStrInput(name=\"openai_api_key\", display_name=\"OpenAI API Key\", value=\"OPENAI_API_KEY\", required=True),\n        MessageTextInput(name=\"openai_api_base\", display_name=\"OpenAI API Base\", advanced=True),\n        MessageTextInput(name=\"openai_api_type\", display_name=\"OpenAI API Type\", advanced=True),\n        MessageTextInput(name=\"openai_api_version\", display_name=\"OpenAI API Version\", advanced=True),\n        MessageTextInput(\n            name=\"openai_organization\",\n            display_name=\"OpenAI Organization\",\n            advanced=True,\n        ),\n        MessageTextInput(name=\"openai_proxy\", display_name=\"OpenAI Proxy\", advanced=True),\n        FloatInput(name=\"request_timeout\", display_name=\"Request Timeout\", advanced=True),\n        BoolInput(name=\"show_progress_bar\", display_name=\"Show Progress Bar\", advanced=True),\n        BoolInput(name=\"skip_empty\", display_name=\"Skip Empty\", advanced=True),\n        MessageTextInput(\n            name=\"tiktoken_model_name\",\n            display_name=\"TikToken Model Name\",\n            advanced=True,\n        ),\n        BoolInput(\n            name=\"tiktoken_enable\",\n            display_name=\"TikToken Enable\",\n            advanced=True,\n            value=True,\n            info=\"If False, you must have transformers installed.\",\n        ),\n        IntInput(\n            name=\"dimensions\",\n            display_name=\"Dimensions\",\n            info=\"The number of dimensions the resulting output embeddings should have. \"\n            \"Only supported by certain models.\",\n            advanced=True,\n        ),\n    ]\n\n    def build_embeddings(self) -> Embeddings:\n        return OpenAIEmbeddings(\n            client=self.client or None,\n            model=self.model,\n            dimensions=self.dimensions or None,\n            deployment=self.deployment or None,\n            api_version=self.openai_api_version or None,\n            base_url=self.openai_api_base or None,\n            openai_api_type=self.openai_api_type or None,\n            openai_proxy=self.openai_proxy or None,\n            embedding_ctx_length=self.embedding_ctx_length,\n            api_key=self.openai_api_key or None,\n            organization=self.openai_organization or None,\n            allowed_special=\"all\",\n            disallowed_special=\"all\",\n            chunk_size=self.chunk_size,\n            max_retries=self.max_retries,\n            timeout=self.request_timeout or None,\n            tiktoken_enabled=self.tiktoken_enable,\n            tiktoken_model_name=self.tiktoken_model_name or None,\n            show_progress_bar=self.show_progress_bar,\n            model_kwargs=self.model_kwargs,\n            skip_empty=self.skip_empty,\n            default_headers=self.default_headers or None,\n            default_query=self.default_query or None,\n        )\n"}, "default_headers": {"_input_type": "DictInput", "advanced": true, "display_name": "Default Headers", "dynamic": false, "info": "Default headers to use for the API request.", "list": false, "name": "default_headers", "placeholder": "", "required": false, "show": true, "title_case": false, "trace_as_input": true, "type": "dict", "value": {}}, "default_query": {"_input_type": "DictInput", "advanced": true, "display_name": "Default Query", "dynamic": false, "info": "Default query parameters to use for the API request.", "list": false, "name": "default_query", "placeholder": "", "required": false, "show": true, "title_case": false, "trace_as_input": true, "type": "dict", "value": {}}, "deployment": {"_input_type": "MessageTextInput", "advanced": true, "display_name": "Deployment", "dynamic": false, "info": "", "input_types": ["Message"], "list": false, "load_from_db": false, "name": "deployment", "placeholder": "", "required": false, "show": true, "title_case": false, "tool_mode": false, "trace_as_input": true, "trace_as_metadata": true, "type": "str", "value": ""}, "dimensions": {"_input_type": "IntInput", "advanced": true, "display_name": "Dimensions", "dynamic": false, "info": "The number of dimensions the resulting output embeddings should have. Only supported by certain models.", "list": false, "name": "dimensions", "placeholder": "", "required": false, "show": true, "title_case": false, "trace_as_metadata": true, "type": "int", "value": ""}, "embedding_ctx_length": {"_input_type": "IntInput", "advanced": true, "display_name": "Embedding Context Length", "dynamic": false, "info": "", "list": false, "name": "embedding_ctx_length", "placeholder": "", "required": false, "show": true, "title_case": false, "trace_as_metadata": true, "type": "int", "value": 1536}, "max_retries": {"_input_type": "IntInput", "advanced": false, "display_name": "Max Retries", "dynamic": false, "info": "", "list": false, "name": "max_retries", "placeholder": "", "required": false, "show": true, "title_case": false, "trace_as_metadata": true, "type": "int", "value": 5}, "model": {"_input_type": "DropdownInput", "advanced": false, "combobox": false, "display_name": "Model", "dynamic": false, "info": "", "name": "model", "options": ["text-embedding-3-small", "text-embedding-3-large", "text-embedding-ada-002"], "placeholder": "", "required": false, "show": true, "title_case": false, "tool_mode": false, "trace_as_metadata": true, "type": "str", "value": "text-embedding-3-large"}, "model_kwargs": {"_input_type": "DictInput", "advanced": true, "display_name": "Model Kwargs", "dynamic": false, "info": "", "list": false, "name": "model_kwargs", "placeholder": "", "required": false, "show": true, "title_case": false, "trace_as_input": true, "type": "dict", "value": {}}, "openai_api_base": {"_input_type": "MessageTextInput", "advanced": true, "display_name": "OpenAI API Base", "dynamic": false, "info": "", "input_types": ["Message"], "list": false, "load_from_db": false, "name": "openai_api_base", "placeholder": "", "required": false, "show": true, "title_case": false, "tool_mode": false, "trace_as_input": true, "trace_as_metadata": true, "type": "str", "value": ""}, "openai_api_key": {"_input_type": "SecretStrInput", "advanced": false, "display_name": "OpenAI API Key", "dynamic": false, "info": "", "input_types": ["Message"], "load_from_db": true, "name": "openai_api_key", "password": true, "placeholder": "", "required": true, "show": true, "title_case": false, "type": "str", "value": null}, "openai_api_type": {"_input_type": "MessageTextInput", "advanced": true, "display_name": "OpenAI API Type", "dynamic": false, "info": "", "input_types": ["Message"], "list": false, "load_from_db": false, "name": "openai_api_type", "placeholder": "", "required": false, "show": true, "title_case": false, "tool_mode": false, "trace_as_input": true, "trace_as_metadata": true, "type": "str", "value": ""}, "openai_api_version": {"_input_type": "MessageTextInput", "advanced": true, "display_name": "OpenAI API Version", "dynamic": false, "info": "", "input_types": ["Message"], "list": false, "load_from_db": false, "name": "openai_api_version", "placeholder": "", "required": false, "show": true, "title_case": false, "tool_mode": false, "trace_as_input": true, "trace_as_metadata": true, "type": "str", "value": ""}, "openai_organization": {"_input_type": "MessageTextInput", "advanced": true, "display_name": "OpenAI Organization", "dynamic": false, "info": "", "input_types": ["Message"], "list": false, "load_from_db": false, "name": "openai_organization", "placeholder": "", "required": false, "show": true, "title_case": false, "tool_mode": false, "trace_as_input": true, "trace_as_metadata": true, "type": "str", "value": ""}, "openai_proxy": {"_input_type": "MessageTextInput", "advanced": true, "display_name": "OpenAI Proxy", "dynamic": false, "info": "", "input_types": ["Message"], "list": false, "load_from_db": false, "name": "openai_proxy", "placeholder": "", "required": false, "show": true, "title_case": false, "tool_mode": false, "trace_as_input": true, "trace_as_metadata": true, "type": "str", "value": ""}, "request_timeout": {"_input_type": "FloatInput", "advanced": true, "display_name": "Request Timeout", "dynamic": false, "info": "", "list": false, "name": "request_timeout", "placeholder": "", "required": false, "show": true, "title_case": false, "trace_as_metadata": true, "type": "float", "value": ""}, "show_progress_bar": {"_input_type": "BoolInput", "advanced": true, "display_name": "Show Progress Bar", "dynamic": false, "info": "", "list": false, "name": "show_progress_bar", "placeholder": "", "required": false, "show": true, "title_case": false, "trace_as_metadata": true, "type": "bool", "value": false}, "skip_empty": {"_input_type": "BoolInput", "advanced": true, "display_name": "Skip Empty", "dynamic": false, "info": "", "list": false, "name": "skip_empty", "placeholder": "", "required": false, "show": true, "title_case": false, "trace_as_metadata": true, "type": "bool", "value": false}, "tiktoken_enable": {"_input_type": "BoolInput", "advanced": true, "display_name": "TikToken Enable", "dynamic": false, "info": "If False, you must have transformers installed.", "list": false, "name": "tiktoken_enable", "placeholder": "", "required": false, "show": true, "title_case": false, "trace_as_metadata": true, "type": "bool", "value": true}, "tiktoken_model_name": {"_input_type": "MessageTextInput", "advanced": true, "display_name": "TikToken Model Name", "dynamic": false, "info": "", "input_types": ["Message"], "list": false, "load_from_db": false, "name": "tiktoken_model_name", "placeholder": "", "required": false, "show": true, "title_case": false, "tool_mode": false, "trace_as_input": true, "trace_as_metadata": true, "type": "str", "value": ""}}, "tool_mode": false}, "type": "OpenAIEmbeddings"}, "dragging": false, "height": 320, "id": "OpenAIEmbeddings-AUgNx", "measured": {"height": 320, "width": 320}, "position": {"x": 1619.6448744827142, "y": 1674.4539134356826}, "positionAbsolute": {"x": 1690.9220896443658, "y": 1866.483269483266}, "selected": false, "type": "genericNode", "width": 320}, {"data": {"id": "RecursiveCharacterTextSplitter-lX2hW", "node": {"base_classes": ["Data"], "beta": false, "category": "langchain_utilities", "conditional_paths": [], "custom_fields": {}, "description": "Split text trying to keep all related text together.", "display_name": "Recursive Character Text Splitter", "documentation": "https://docs.langflow.org/components-processing", "edited": false, "field_order": ["chunk_size", "chunk_overlap", "data_input", "separators"], "frozen": false, "icon": "LangChain", "key": "RecursiveCharacterTextSplitter", "legacy": false, "lf_version": "1.4.2", "metadata": {}, "minimized": false, "output_types": [], "outputs": [{"allows_loop": false, "cache": true, "display_name": "Data", "hidden": false, "method": "transform_data", "name": "data", "required_inputs": [], "selected": "Data", "tool_mode": true, "types": ["Data"], "value": "__UNDEFINED__"}], "pinned": false, "score": 0.10023052380778996, "template": {"_type": "Component", "chunk_overlap": {"_input_type": "IntInput", "advanced": false, "display_name": "Chunk Overlap", "dynamic": false, "info": "The amount of overlap between chunks.", "list": false, "list_add_label": "Add More", "name": "chunk_overlap", "placeholder": "", "required": false, "show": true, "title_case": false, "tool_mode": false, "trace_as_metadata": true, "type": "int", "value": 200}, "chunk_size": {"_input_type": "IntInput", "advanced": false, "display_name": "Chunk Size", "dynamic": false, "info": "The maximum length of each chunk.", "list": false, "list_add_label": "Add More", "name": "chunk_size", "placeholder": "", "required": false, "show": true, "title_case": false, "tool_mode": false, "trace_as_metadata": true, "type": "int", "value": 1000}, "code": {"advanced": true, "dynamic": true, "fileTypes": [], "file_path": "", "info": "", "list": false, "load_from_db": false, "multiline": true, "name": "code", "password": false, "placeholder": "", "required": true, "show": true, "title_case": false, "type": "code", "value": "from typing import Any\n\nfrom langchain_text_splitters import RecursiveCharacterTextSplitter, TextSplitter\n\nfrom langflow.base.textsplitters.model import LCTextSplitterComponent\nfrom langflow.inputs.inputs import DataInput, IntInput, MessageTextInput\nfrom langflow.utils.util import unescape_string\n\n\nclass RecursiveCharacterTextSplitterComponent(LCTextSplitterComponent):\n    display_name: str = \"Recursive Character Text Splitter\"\n    description: str = \"Split text trying to keep all related text together.\"\n    documentation: str = \"https://docs.langflow.org/components-processing\"\n    name = \"RecursiveCharacterTextSplitter\"\n    icon = \"LangChain\"\n\n    inputs = [\n        IntInput(\n            name=\"chunk_size\",\n            display_name=\"Chunk Size\",\n            info=\"The maximum length of each chunk.\",\n            value=1000,\n        ),\n        IntInput(\n            name=\"chunk_overlap\",\n            display_name=\"Chunk Overlap\",\n            info=\"The amount of overlap between chunks.\",\n            value=200,\n        ),\n        DataInput(\n            name=\"data_input\",\n            display_name=\"Input\",\n            info=\"The texts to split.\",\n            input_types=[\"Document\", \"Data\"],\n            required=True,\n        ),\n        MessageTextInput(\n            name=\"separators\",\n            display_name=\"Separators\",\n            info='The characters to split on.\\nIf left empty defaults to [\"\\\\n\\\\n\", \"\\\\n\", \" \", \"\"].',\n            is_list=True,\n        ),\n    ]\n\n    def get_data_input(self) -> Any:\n        return self.data_input\n\n    def build_text_splitter(self) -> TextSplitter:\n        if not self.separators:\n            separators: list[str] | None = None\n        else:\n            # check if the separators list has escaped characters\n            # if there are escaped characters, unescape them\n            separators = [unescape_string(x) for x in self.separators]\n\n        return RecursiveCharacterTextSplitter(\n            separators=separators,\n            chunk_size=self.chunk_size,\n            chunk_overlap=self.chunk_overlap,\n        )\n"}, "data_input": {"_input_type": "DataInput", "advanced": false, "display_name": "Input", "dynamic": false, "info": "The texts to split.", "input_types": ["Document", "Data"], "list": false, "list_add_label": "Add More", "name": "data_input", "placeholder": "", "required": true, "show": true, "title_case": false, "tool_mode": false, "trace_as_input": true, "trace_as_metadata": true, "type": "other", "value": ""}, "separators": {"_input_type": "MessageTextInput", "advanced": false, "display_name": "Separators", "dynamic": false, "info": "The characters to split on.\nIf left empty defaults to [\"\\n\\n\", \"\\n\", \" \", \"\"].", "input_types": ["Message"], "list": true, "list_add_label": "Add More", "load_from_db": false, "name": "separators", "placeholder": "", "required": false, "show": true, "title_case": false, "tool_mode": false, "trace_as_input": true, "trace_as_metadata": true, "type": "str", "value": ""}}, "tool_mode": false}, "showNode": true, "type": "RecursiveCharacterTextSplitter"}, "dragging": false, "id": "RecursiveCharacterTextSplitter-lX2hW", "measured": {"height": 463, "width": 320}, "position": {"x": 1623.717077895766, "y": 1074.6670145436137}, "selected": false, "type": "genericNode"}, {"data": {"id": "QdrantVectorStoreComponent-qzcvG", "node": {"base_classes": ["Data", "DataFrame"], "beta": false, "category": "vectorstores", "conditional_paths": [], "custom_fields": {}, "description": "Qdrant Vector Store with search capabilities", "display_name": "Qdrant", "documentation": "", "edited": false, "field_order": ["collection_name", "host", "port", "grpc_port", "api_key", "prefix", "timeout", "path", "url", "distance_func", "content_payload_key", "metadata_payload_key", "ingest_data", "search_query", "should_cache_vector_store", "embedding", "number_of_results"], "frozen": false, "icon": "Qdrant", "key": "QdrantVectorStoreComponent", "legacy": false, "lf_version": "1.4.2", "metadata": {}, "minimized": false, "output_types": [], "outputs": [{"allows_loop": false, "cache": true, "display_name": "Search Results", "method": "search_documents", "name": "search_results", "required_inputs": ["collection_name"], "selected": "Data", "tool_mode": true, "types": ["Data"], "value": "__UNDEFINED__"}, {"allows_loop": false, "cache": true, "display_name": "DataFrame", "method": "as_dataframe", "name": "dataframe", "required_inputs": [], "selected": "DataFrame", "tool_mode": true, "types": ["DataFrame"], "value": "__UNDEFINED__"}], "pinned": false, "score": 5.97035286583837e-05, "template": {"_type": "Component", "api_key": {"_input_type": "SecretStrInput", "advanced": false, "display_name": "API Key", "dynamic": false, "info": "", "input_types": [], "load_from_db": true, "name": "api_key", "password": true, "placeholder": "", "required": false, "show": true, "title_case": false, "type": "str", "value": null}, "code": {"advanced": true, "dynamic": true, "fileTypes": [], "file_path": "", "info": "", "list": false, "load_from_db": false, "multiline": true, "name": "code", "password": false, "placeholder": "", "required": true, "show": true, "title_case": false, "type": "code", "value": "from langchain.embeddings.base import Embeddings\nfrom langchain_community.vectorstores import Qdrant\n\nfrom langflow.base.vectorstores.model import LCVectorStoreComponent, check_cached_vector_store\nfrom langflow.helpers.data import docs_to_data\nfrom langflow.io import (\n    DropdownInput,\n    HandleInput,\n    IntInput,\n    SecretStrInput,\n    StrInput,\n)\nfrom langflow.schema import Data\n\n\nclass QdrantVectorStoreComponent(LCVectorStoreComponent):\n    display_name = \"Qdrant\"\n    description = \"Qdrant Vector Store with search capabilities\"\n    icon = \"Qdrant\"\n\n    inputs = [\n        StrInput(name=\"collection_name\", display_name=\"Collection Name\", required=True),\n        StrInput(name=\"host\", display_name=\"Host\", value=\"localhost\", advanced=True),\n        IntInput(name=\"port\", display_name=\"Port\", value=6333, advanced=True),\n        IntInput(name=\"grpc_port\", display_name=\"gRPC Port\", value=6334, advanced=True),\n        SecretStrInput(name=\"api_key\", display_name=\"API Key\", advanced=True),\n        StrInput(name=\"prefix\", display_name=\"Prefix\", advanced=True),\n        IntInput(name=\"timeout\", display_name=\"Timeout\", advanced=True),\n        StrInput(name=\"path\", display_name=\"Path\", advanced=True),\n        StrInput(name=\"url\", display_name=\"URL\", advanced=True),\n        DropdownInput(\n            name=\"distance_func\",\n            display_name=\"Distance Function\",\n            options=[\"Cosine\", \"Euclidean\", \"Dot Product\"],\n            value=\"Cosine\",\n            advanced=True,\n        ),\n        StrInput(name=\"content_payload_key\", display_name=\"Content Payload Key\", value=\"page_content\", advanced=True),\n        StrInput(name=\"metadata_payload_key\", display_name=\"Metadata Payload Key\", value=\"metadata\", advanced=True),\n        *LCVectorStoreComponent.inputs,\n        HandleInput(name=\"embedding\", display_name=\"Embedding\", input_types=[\"Embeddings\"]),\n        IntInput(\n            name=\"number_of_results\",\n            display_name=\"Number of Results\",\n            info=\"Number of results to return.\",\n            value=4,\n            advanced=True,\n        ),\n    ]\n\n    @check_cached_vector_store\n    def build_vector_store(self) -> Qdrant:\n        qdrant_kwargs = {\n            \"collection_name\": self.collection_name,\n            \"content_payload_key\": self.content_payload_key,\n            \"metadata_payload_key\": self.metadata_payload_key,\n        }\n\n        server_kwargs = {\n            \"host\": self.host or None,\n            \"port\": int(self.port),  # Ensure port is an integer\n            \"grpc_port\": int(self.grpc_port),  # Ensure grpc_port is an integer\n            \"api_key\": self.api_key,\n            \"prefix\": self.prefix,\n            # Ensure timeout is an integer\n            \"timeout\": int(self.timeout) if self.timeout else None,\n            \"path\": self.path or None,\n            \"url\": self.url or None,\n        }\n\n        server_kwargs = {k: v for k, v in server_kwargs.items() if v is not None}\n\n        # Convert DataFrame to Data if needed using parent's method\n        self.ingest_data = self._prepare_ingest_data()\n\n        documents = []\n        for _input in self.ingest_data or []:\n            if isinstance(_input, Data):\n                documents.append(_input.to_lc_document())\n            else:\n                documents.append(_input)\n\n        if not isinstance(self.embedding, Embeddings):\n            msg = \"Invalid embedding object\"\n            raise TypeError(msg)\n\n        if documents:\n            qdrant = Qdrant.from_documents(documents, embedding=self.embedding, **qdrant_kwargs, **server_kwargs)\n        else:\n            from qdrant_client import QdrantClient\n\n            client = QdrantClient(**server_kwargs)\n            qdrant = Qdrant(embeddings=self.embedding, client=client, **qdrant_kwargs)\n\n        return qdrant\n\n    def search_documents(self) -> list[Data]:\n        vector_store = self.build_vector_store()\n\n        if self.search_query and isinstance(self.search_query, str) and self.search_query.strip():\n            docs = vector_store.similarity_search(\n                query=self.search_query,\n                k=self.number_of_results,\n            )\n\n            data = docs_to_data(docs)\n            self.status = data\n            return data\n        return []\n"}, "collection_name": {"_input_type": "StrInput", "advanced": false, "display_name": "Collection Name", "dynamic": false, "info": "", "list": false, "list_add_label": "Add More", "load_from_db": false, "name": "collection_name", "placeholder": "", "required": true, "show": true, "title_case": false, "tool_mode": false, "trace_as_metadata": true, "type": "str", "value": "onestore-mm2"}, "content_payload_key": {"_input_type": "StrInput", "advanced": true, "display_name": "Content Payload Key", "dynamic": false, "info": "", "list": false, "list_add_label": "Add More", "load_from_db": false, "name": "content_payload_key", "placeholder": "", "required": false, "show": true, "title_case": false, "tool_mode": false, "trace_as_metadata": true, "type": "str", "value": "page_content"}, "distance_func": {"_input_type": "DropdownInput", "advanced": true, "combobox": false, "dialog_inputs": {}, "display_name": "Distance Function", "dynamic": false, "info": "", "name": "distance_func", "options": ["Cosine", "Euclidean", "Dot Product"], "options_metadata": [], "placeholder": "", "required": false, "show": true, "title_case": false, "toggle": false, "tool_mode": false, "trace_as_metadata": true, "type": "str", "value": "Cosine"}, "embedding": {"_input_type": "HandleInput", "advanced": false, "display_name": "Embedding", "dynamic": false, "info": "", "input_types": ["Embeddings"], "list": false, "list_add_label": "Add More", "name": "embedding", "placeholder": "", "required": false, "show": true, "title_case": false, "trace_as_metadata": true, "type": "other", "value": ""}, "grpc_port": {"_input_type": "IntInput", "advanced": true, "display_name": "gRPC Port", "dynamic": false, "info": "", "list": false, "list_add_label": "Add More", "name": "grpc_port", "placeholder": "", "required": false, "show": true, "title_case": false, "tool_mode": false, "trace_as_metadata": true, "type": "int", "value": 6334}, "host": {"_input_type": "StrInput", "advanced": true, "display_name": "Host", "dynamic": false, "info": "", "list": false, "list_add_label": "Add More", "load_from_db": false, "name": "host", "placeholder": "", "required": false, "show": true, "title_case": false, "tool_mode": false, "trace_as_metadata": true, "type": "str", "value": ""}, "ingest_data": {"_input_type": "HandleInput", "advanced": false, "display_name": "Ingest Data", "dynamic": false, "info": "", "input_types": ["Data", "DataFrame"], "list": true, "list_add_label": "Add More", "name": "ingest_data", "placeholder": "", "required": false, "show": true, "title_case": false, "trace_as_metadata": true, "type": "other", "value": ""}, "metadata_payload_key": {"_input_type": "StrInput", "advanced": false, "display_name": "Metadata Payload Key", "dynamic": false, "info": "", "list": false, "list_add_label": "Add More", "load_from_db": false, "name": "metadata_payload_key", "placeholder": "", "required": false, "show": true, "title_case": false, "tool_mode": false, "trace_as_metadata": true, "type": "str", "value": "metadata"}, "number_of_results": {"_input_type": "IntInput", "advanced": true, "display_name": "Number of Results", "dynamic": false, "info": "Number of results to return.", "list": false, "list_add_label": "Add More", "name": "number_of_results", "placeholder": "", "required": false, "show": true, "title_case": false, "tool_mode": false, "trace_as_metadata": true, "type": "int", "value": 4}, "path": {"_input_type": "StrInput", "advanced": true, "display_name": "Path", "dynamic": false, "info": "", "list": false, "list_add_label": "Add More", "load_from_db": false, "name": "path", "placeholder": "", "required": false, "show": true, "title_case": false, "tool_mode": false, "trace_as_metadata": true, "type": "str", "value": ""}, "port": {"_input_type": "IntInput", "advanced": true, "display_name": "Port", "dynamic": false, "info": "", "list": false, "list_add_label": "Add More", "name": "port", "placeholder": "", "required": false, "show": true, "title_case": false, "tool_mode": false, "trace_as_metadata": true, "type": "int", "value": 6333}, "prefix": {"_input_type": "StrInput", "advanced": true, "display_name": "Prefix", "dynamic": false, "info": "", "list": false, "list_add_label": "Add More", "load_from_db": false, "name": "prefix", "placeholder": "", "required": false, "show": true, "title_case": false, "tool_mode": false, "trace_as_metadata": true, "type": "str", "value": ""}, "search_query": {"_input_type": "QueryInput", "advanced": false, "display_name": "Search Query", "dynamic": false, "info": "Enter a query to run a similarity search.", "input_types": ["Message"], "list": false, "list_add_label": "Add More", "load_from_db": false, "name": "search_query", "placeholder": "Enter a query...", "required": false, "show": true, "title_case": false, "tool_mode": true, "trace_as_input": true, "trace_as_metadata": true, "type": "query", "value": ""}, "should_cache_vector_store": {"_input_type": "BoolInput", "advanced": true, "display_name": "Cache Vector Store", "dynamic": false, "info": "If True, the vector store will be cached for the current build of the component. This is useful for components that have multiple output methods and want to share the same vector store.", "list": false, "list_add_label": "Add More", "name": "should_cache_vector_store", "placeholder": "", "required": false, "show": true, "title_case": false, "tool_mode": false, "trace_as_metadata": true, "type": "bool", "value": true}, "timeout": {"_input_type": "IntInput", "advanced": true, "display_name": "Timeout", "dynamic": false, "info": "", "list": false, "list_add_label": "Add More", "name": "timeout", "placeholder": "", "required": false, "show": true, "title_case": false, "tool_mode": false, "trace_as_metadata": true, "type": "int", "value": ""}, "url": {"_input_type": "StrInput", "advanced": true, "display_name": "URL", "dynamic": false, "info": "", "list": false, "list_add_label": "Add More", "load_from_db": false, "name": "url", "placeholder": "", "required": false, "show": true, "title_case": false, "tool_mode": false, "trace_as_metadata": true, "type": "str", "value": "http://qdrant:6333"}}, "tool_mode": false}, "showNode": true, "type": "QdrantVectorStoreComponent"}, "dragging": false, "id": "QdrantVectorStoreComponent-qzcvG", "measured": {"height": 612, "width": 320}, "position": {"x": 2186.4873222708707, "y": 1191.5890719269396}, "selected": false, "type": "genericNode"}, {"data": {"id": "PDFLoaderComponent-Sqeb1", "node": {"template": {"_type": "Component", "pdf_file": {"trace_as_metadata": true, "file_path": "47527616-d4be-4d4f-acf0-78a997020ddd/b34b10a9-8ed3-4d78-9c52-a3059310badc.pdf", "fileTypes": ["pdf"], "temp_file": false, "list": false, "list_add_label": "Add More", "required": false, "placeholder": "", "show": true, "name": "pdf_file", "value": "OneStore_UserGuide_V3", "display_name": "PDF File", "advanced": false, "dynamic": false, "info": "Seleziona il file PDF da caricare.", "title_case": false, "type": "file", "_input_type": "FileInput"}, "code": {"type": "code", "required": true, "placeholder": "", "list": false, "show": true, "multiline": true, "value": "from langflow.custom import Component\nfrom langflow.schema import Data, DataFrame\nfrom langflow.template import Output\nfrom langflow.io import FileInput\nfrom langchain.document_loaders import PyPDFLoader\nimport pandas as pd\n\nclass PDFLoaderComponent(Component):\n    display_name = \"PDFLoader\"\n    description = \"Carica un PDF e restituisce i contenuti con metadati dettagliati.\"\n    icon = \"file-pdf\"\n    name = \"PDFLoaderComponent\"\n\n    inputs = [\n        FileInput(\n            name=\"pdf_file\",\n            display_name=\"PDF File\",\n            info=\"Seleziona il file PDF da caricare.\",\n            file_types=[\"pdf\"]\n        ),\n    ]\n\n    outputs = [\n        Output(display_name=\"PDF DataFrame\", name=\"pdf_dataframe\", method=\"load_pdf_dataframe\"),\n        Output(display_name=\"PDF Data\", name=\"pdf_data\", method=\"load_pdf_data\"),\n    ]\n\n    def load_pdf_dataframe(self) -> DataFrame:\n        pdf_path = self.pdf_file\n        loader = PyPDFLoader(pdf_path)\n        documents = loader.load()\n\n        data_list = []\n        for doc in documents:\n            metadata = doc.metadata\n            content = doc.page_content\n            row = {'content': content}\n            row.update(metadata)\n            data_list.append(row)\n\n        df = pd.DataFrame(data_list)\n        return DataFrame(df)\n\n    def load_pdf_data(self) -> list[Data]:\n        pdf_path = self.pdf_file\n        loader = PyPDFLoader(pdf_path)\n        documents = loader.load()\n    \n        data_list = []\n        for doc in documents:\n            content = doc.page_content\n            metadata = doc.metadata\n    \n            # Flatten nested metadata if needed\n            if isinstance(metadata, dict) and 'metadata' in metadata and isinstance(metadata['metadata'], dict):\n                nested = metadata.pop('metadata')\n                metadata.update(nested)\n    \n            flat_metadata = {}\n            for key, value in metadata.items():\n                if key == 'extra' and isinstance(value, dict):\n                    flat_metadata.update(value)\n                else:\n                    flat_metadata[key] = value\n    \n            payload = {\"text\": content}\n            payload.update(flat_metadata)\n    \n            data = Data(**payload)\n            data_list.append(data)\n    \n        return data_list\n\n", "fileTypes": [], "file_path": "", "password": false, "name": "code", "advanced": true, "dynamic": true, "info": "", "load_from_db": false, "title_case": false}}, "description": "Carica un PDF e restituisce i contenuti con metadati dettagliati.", "icon": "file-pdf", "base_classes": ["Data", "DataFrame"], "display_name": "PDFLoader", "documentation": "", "minimized": false, "custom_fields": {}, "output_types": [], "pinned": false, "conditional_paths": [], "frozen": false, "outputs": [{"types": ["DataFrame"], "selected": "DataFrame", "name": "pdf_dataframe", "hidden": null, "display_name": "PDF DataFrame", "method": "load_pdf_dataframe", "value": "__UNDEFINED__", "cache": true, "required_inputs": null, "allows_loop": false, "options": null, "tool_mode": true}, {"types": ["Data"], "selected": "Data", "name": "pdf_data", "hidden": false, "display_name": "PDF Data", "method": "load_pdf_data", "value": "__UNDEFINED__", "cache": true, "required_inputs": null, "allows_loop": false, "options": null, "tool_mode": true}], "field_order": ["pdf_file"], "beta": false, "legacy": false, "edited": true, "metadata": {}, "tool_mode": false, "lf_version": "1.4.2"}, "showNode": true, "type": "PDFLoaderComponent"}, "dragging": false, "id": "PDFLoaderComponent-Sqeb1", "measured": {"height": 298, "width": 320}, "position": {"x": 1067.4917201270048, "y": 1489.5782149994363}, "selected": false, "type": "genericNode"}], "edges": [{"animated": false, "className": "", "data": {"sourceHandle": {"dataType": "RecursiveCharacterTextSplitter", "id": "RecursiveCharacterTextSplitter-lX2hW", "name": "data", "output_types": ["Data"]}, "targetHandle": {"fieldName": "ingest_data", "id": "QdrantVectorStoreComponent-qzcvG", "inputTypes": ["Data", "DataFrame"], "type": "other"}}, "id": "reactflow__edge-RecursiveCharacterTextSplitter-lX2hW{\u0153dataType\u0153:\u0153RecursiveCharacterTextSplitter\u0153,\u0153id\u0153:\u0153RecursiveCharacterTextSplitter-lX2hW\u0153,\u0153name\u0153:\u0153data\u0153,\u0153output_types\u0153:[\u0153Data\u0153]}-QdrantVectorStoreComponent-qzcvG{\u0153fieldName\u0153:\u0153ingest_data\u0153,\u0153id\u0153:\u0153QdrantVectorStoreComponent-qzcvG\u0153,\u0153inputTypes\u0153:[\u0153Data\u0153,\u0153DataFrame\u0153],\u0153type\u0153:\u0153other\u0153}", "selected": false, "source": "RecursiveCharacterTextSplitter-lX2hW", "sourceHandle": "{\u0153dataType\u0153:\u0153RecursiveCharacterTextSplitter\u0153,\u0153id\u0153:\u0153RecursiveCharacterTextSplitter-lX2hW\u0153,\u0153name\u0153:\u0153data\u0153,\u0153output_types\u0153:[\u0153Data\u0153]}", "target": "QdrantVectorStoreComponent-qzcvG", "targetHandle": "{\u0153fieldName\u0153:\u0153ingest_data\u0153,\u0153id\u0153:\u0153QdrantVectorStoreComponent-qzcvG\u0153,\u0153inputTypes\u0153:[\u0153Data\u0153,\u0153DataFrame\u0153],\u0153type\u0153:\u0153other\u0153}"}, {"animated": false, "className": "", "data": {"sourceHandle": {"dataType": "OpenAIEmbeddings", "id": "OpenAIEmbeddings-AUgNx", "name": "embeddings", "output_types": ["Embeddings"]}, "targetHandle": {"fieldName": "embedding", "id": "QdrantVectorStoreComponent-qzcvG", "inputTypes": ["Embeddings"], "type": "other"}}, "id": "reactflow__edge-OpenAIEmbeddings-AUgNx{\u0153dataType\u0153:\u0153OpenAIEmbeddings\u0153,\u0153id\u0153:\u0153OpenAIEmbeddings-AUgNx\u0153,\u0153name\u0153:\u0153embeddings\u0153,\u0153output_types\u0153:[\u0153Embeddings\u0153]}-QdrantVectorStoreComponent-qzcvG{\u0153fieldName\u0153:\u0153embedding\u0153,\u0153id\u0153:\u0153QdrantVectorStoreComponent-qzcvG\u0153,\u0153inputTypes\u0153:[\u0153Embeddings\u0153],\u0153type\u0153:\u0153other\u0153}", "selected": false, "source": "OpenAIEmbeddings-AUgNx", "sourceHandle": "{\u0153dataType\u0153:\u0153OpenAIEmbeddings\u0153,\u0153id\u0153:\u0153OpenAIEmbeddings-AUgNx\u0153,\u0153name\u0153:\u0153embeddings\u0153,\u0153output_types\u0153:[\u0153Embeddings\u0153]}", "target": "QdrantVectorStoreComponent-qzcvG", "targetHandle": "{\u0153fieldName\u0153:\u0153embedding\u0153,\u0153id\u0153:\u0153QdrantVectorStoreComponent-qzcvG\u0153,\u0153inputTypes\u0153:[\u0153Embeddings\u0153],\u0153type\u0153:\u0153other\u0153}"}, {"animated": false, "className": "", "data": {"sourceHandle": {"dataType": "PDFLoaderComponent", "id": "PDFLoaderComponent-Sqeb1", "name": "pdf_data", "output_types": ["Data"]}, "targetHandle": {"fieldName": "data_input", "id": "RecursiveCharacterTextSplitter-lX2hW", "inputTypes": ["Document", "Data"], "type": "other"}}, "id": "reactflow__edge-PDFLoaderComponent-Sqeb1{\u0153dataType\u0153:\u0153PDFLoaderComponent\u0153,\u0153id\u0153:\u0153PDFLoaderComponent-Sqeb1\u0153,\u0153name\u0153:\u0153pdf_data\u0153,\u0153output_types\u0153:[\u0153Data\u0153]}-RecursiveCharacterTextSplitter-lX2hW{\u0153fieldName\u0153:\u0153data_input\u0153,\u0153id\u0153:\u0153RecursiveCharacterTextSplitter-lX2hW\u0153,\u0153inputTypes\u0153:[\u0153Document\u0153,\u0153Data\u0153],\u0153type\u0153:\u0153other\u0153}", "selected": false, "source": "PDFLoaderComponent-Sqeb1", "sourceHandle": "{\u0153dataType\u0153:\u0153PDFLoaderComponent\u0153,\u0153id\u0153:\u0153PDFLoaderComponent-Sqeb1\u0153,\u0153name\u0153:\u0153pdf_data\u0153,\u0153output_types\u0153:[\u0153Data\u0153]}", "target": "RecursiveCharacterTextSplitter-lX2hW", "targetHandle": "{\u0153fieldName\u0153:\u0153data_input\u0153,\u0153id\u0153:\u0153RecursiveCharacterTextSplitter-lX2hW\u0153,\u0153inputTypes\u0153:[\u0153Document\u0153,\u0153Data\u0153],\u0153type\u0153:\u0153other\u0153}"}], "viewport": {"x": -564.3230227819226, "y": -815.7540905898738, "zoom": 0.7925748897686175}}, "is_component": false, "updated_at": "2025-05-26T14:50:12+00:00", "webhook": false, "endpoint_name": null, "tags": [], "locked": false, "mcp_enabled": true, "action_name": null, "action_description": null, "access_type": "PRIVATE", "id": "1fa7f1e6-acb5-440d-98a1-b7cc369b8924", "user_id": "47527616-d4be-4d4f-acf0-78a997020ddd", "folder_id": "a6355346-4c07-495b-8c2e-9fdf2c213b0f"}