{"name": "Ingest to Vector Store RAG", "description": "Load your data for chat context with Retrieval Augmented Generation.", "icon": null, "icon_bg_color": null, "gradient": null, "data": {"nodes": [{"data": {"id": "note-kVsn1", "node": {"description": "## \ud83d\udcda 1. Load Data Flow\n\nRun this first! Load data from a local file and embed it into the vector database.\n\nSelect a Database and a Collection, or create new ones. \n\nClick \u25b6\ufe0f **Run component** on the **Astra DB** component to load your data.\n\n* If you're using OSS Langflow, add your Astra DB Application Token to the Astra DB component.\n\n#### Next steps:\n Experiment by changing the prompt and the contextual data to see how the retrieval flow's responses change.", "display_name": "", "documentation": "", "template": {"backgroundColor": "neutral"}}, "type": "note"}, "dragging": false, "height": 324, "id": "note-kVsn1", "measured": {"height": 324, "width": 324}, "position": {"x": 885.4085727479892, "y": 1504.0300943507766}, "positionAbsolute": {"x": 955.3277857006676, "y": 1552.171191793604}, "resizing": false, "selected": false, "style": {"height": 324, "width": 324}, "type": "noteNode", "width": 324}, {"data": {"id": "OpenAIEmbeddings-NhdkG", "node": {"base_classes": ["Embeddings"], "beta": false, "conditional_paths": [], "custom_fields": {}, "description": "Generate embeddings using OpenAI models.", "display_name": "OpenAI Embeddings", "documentation": "", "edited": false, "field_order": ["default_headers", "default_query", "chunk_size", "client", "deployment", "embedding_ctx_length", "max_retries", "model", "model_kwargs", "openai_api_key", "openai_api_base", "openai_api_type", "openai_api_version", "openai_organization", "openai_proxy", "request_timeout", "show_progress_bar", "skip_empty", "tiktoken_model_name", "tiktoken_enable", "dimensions"], "frozen": false, "icon": "OpenAI", "legacy": false, "lf_version": "1.2.0", "metadata": {}, "output_types": [], "outputs": [{"allows_loop": false, "cache": true, "display_name": "Embeddings", "method": "build_embeddings", "name": "embeddings", "required_inputs": ["openai_api_key"], "selected": "Embeddings", "tool_mode": true, "types": ["Embeddings"], "value": "__UNDEFINED__"}], "pinned": false, "template": {"_type": "Component", "chunk_size": {"_input_type": "IntInput", "advanced": false, "display_name": "Chunk Size", "dynamic": false, "info": "", "list": false, "name": "chunk_size", "placeholder": "", "required": false, "show": true, "title_case": false, "trace_as_metadata": true, "type": "int", "value": 3072}, "client": {"_input_type": "MessageTextInput", "advanced": true, "display_name": "Client", "dynamic": false, "info": "", "input_types": ["Message"], "list": false, "load_from_db": false, "name": "client", "placeholder": "", "required": false, "show": true, "title_case": false, "tool_mode": false, "trace_as_input": true, "trace_as_metadata": true, "type": "str", "value": ""}, "code": {"advanced": true, "dynamic": true, "fileTypes": [], "file_path": "", "info": "", "list": false, "load_from_db": false, "multiline": true, "name": "code", "password": false, "placeholder": "", "required": true, "show": true, "title_case": false, "type": "code", "value": "from langchain_openai import OpenAIEmbeddings\n\nfrom langflow.base.embeddings.model import LCEmbeddingsModel\nfrom langflow.base.models.openai_constants import OPENAI_EMBEDDING_MODEL_NAMES\nfrom langflow.field_typing import Embeddings\nfrom langflow.io import BoolInput, DictInput, DropdownInput, FloatInput, IntInput, MessageTextInput, SecretStrInput\n\n\nclass OpenAIEmbeddingsComponent(LCEmbeddingsModel):\n    display_name = \"OpenAI Embeddings\"\n    description = \"Generate embeddings using OpenAI models.\"\n    icon = \"OpenAI\"\n    name = \"OpenAIEmbeddings\"\n\n    inputs = [\n        DictInput(\n            name=\"default_headers\",\n            display_name=\"Default Headers\",\n            advanced=True,\n            info=\"Default headers to use for the API request.\",\n        ),\n        DictInput(\n            name=\"default_query\",\n            display_name=\"Default Query\",\n            advanced=True,\n            info=\"Default query parameters to use for the API request.\",\n        ),\n        IntInput(name=\"chunk_size\", display_name=\"Chunk Size\", advanced=True, value=1000),\n        MessageTextInput(name=\"client\", display_name=\"Client\", advanced=True),\n        MessageTextInput(name=\"deployment\", display_name=\"Deployment\", advanced=True),\n        IntInput(name=\"embedding_ctx_length\", display_name=\"Embedding Context Length\", advanced=True, value=1536),\n        IntInput(name=\"max_retries\", display_name=\"Max Retries\", value=3, advanced=True),\n        DropdownInput(\n            name=\"model\",\n            display_name=\"Model\",\n            advanced=False,\n            options=OPENAI_EMBEDDING_MODEL_NAMES,\n            value=\"text-embedding-3-small\",\n        ),\n        DictInput(name=\"model_kwargs\", display_name=\"Model Kwargs\", advanced=True),\n        SecretStrInput(name=\"openai_api_key\", display_name=\"OpenAI API Key\", value=\"OPENAI_API_KEY\", required=True),\n        MessageTextInput(name=\"openai_api_base\", display_name=\"OpenAI API Base\", advanced=True),\n        MessageTextInput(name=\"openai_api_type\", display_name=\"OpenAI API Type\", advanced=True),\n        MessageTextInput(name=\"openai_api_version\", display_name=\"OpenAI API Version\", advanced=True),\n        MessageTextInput(\n            name=\"openai_organization\",\n            display_name=\"OpenAI Organization\",\n            advanced=True,\n        ),\n        MessageTextInput(name=\"openai_proxy\", display_name=\"OpenAI Proxy\", advanced=True),\n        FloatInput(name=\"request_timeout\", display_name=\"Request Timeout\", advanced=True),\n        BoolInput(name=\"show_progress_bar\", display_name=\"Show Progress Bar\", advanced=True),\n        BoolInput(name=\"skip_empty\", display_name=\"Skip Empty\", advanced=True),\n        MessageTextInput(\n            name=\"tiktoken_model_name\",\n            display_name=\"TikToken Model Name\",\n            advanced=True,\n        ),\n        BoolInput(\n            name=\"tiktoken_enable\",\n            display_name=\"TikToken Enable\",\n            advanced=True,\n            value=True,\n            info=\"If False, you must have transformers installed.\",\n        ),\n        IntInput(\n            name=\"dimensions\",\n            display_name=\"Dimensions\",\n            info=\"The number of dimensions the resulting output embeddings should have. \"\n            \"Only supported by certain models.\",\n            advanced=True,\n        ),\n    ]\n\n    def build_embeddings(self) -> Embeddings:\n        return OpenAIEmbeddings(\n            client=self.client or None,\n            model=self.model,\n            dimensions=self.dimensions or None,\n            deployment=self.deployment or None,\n            api_version=self.openai_api_version or None,\n            base_url=self.openai_api_base or None,\n            openai_api_type=self.openai_api_type or None,\n            openai_proxy=self.openai_proxy or None,\n            embedding_ctx_length=self.embedding_ctx_length,\n            api_key=self.openai_api_key or None,\n            organization=self.openai_organization or None,\n            allowed_special=\"all\",\n            disallowed_special=\"all\",\n            chunk_size=self.chunk_size,\n            max_retries=self.max_retries,\n            timeout=self.request_timeout or None,\n            tiktoken_enabled=self.tiktoken_enable,\n            tiktoken_model_name=self.tiktoken_model_name or None,\n            show_progress_bar=self.show_progress_bar,\n            model_kwargs=self.model_kwargs,\n            skip_empty=self.skip_empty,\n            default_headers=self.default_headers or None,\n            default_query=self.default_query or None,\n        )\n"}, "default_headers": {"_input_type": "DictInput", "advanced": true, "display_name": "Default Headers", "dynamic": false, "info": "Default headers to use for the API request.", "list": false, "name": "default_headers", "placeholder": "", "required": false, "show": true, "title_case": false, "trace_as_input": true, "type": "dict", "value": {}}, "default_query": {"_input_type": "DictInput", "advanced": true, "display_name": "Default Query", "dynamic": false, "info": "Default query parameters to use for the API request.", "list": false, "name": "default_query", "placeholder": "", "required": false, "show": true, "title_case": false, "trace_as_input": true, "type": "dict", "value": {}}, "deployment": {"_input_type": "MessageTextInput", "advanced": true, "display_name": "Deployment", "dynamic": false, "info": "", "input_types": ["Message"], "list": false, "load_from_db": false, "name": "deployment", "placeholder": "", "required": false, "show": true, "title_case": false, "tool_mode": false, "trace_as_input": true, "trace_as_metadata": true, "type": "str", "value": ""}, "dimensions": {"_input_type": "IntInput", "advanced": true, "display_name": "Dimensions", "dynamic": false, "info": "The number of dimensions the resulting output embeddings should have. Only supported by certain models.", "list": false, "name": "dimensions", "placeholder": "", "required": false, "show": true, "title_case": false, "trace_as_metadata": true, "type": "int", "value": ""}, "embedding_ctx_length": {"_input_type": "IntInput", "advanced": true, "display_name": "Embedding Context Length", "dynamic": false, "info": "", "list": false, "name": "embedding_ctx_length", "placeholder": "", "required": false, "show": true, "title_case": false, "trace_as_metadata": true, "type": "int", "value": 1536}, "max_retries": {"_input_type": "IntInput", "advanced": false, "display_name": "Max Retries", "dynamic": false, "info": "", "list": false, "name": "max_retries", "placeholder": "", "required": false, "show": true, "title_case": false, "trace_as_metadata": true, "type": "int", "value": 5}, "model": {"_input_type": "DropdownInput", "advanced": false, "combobox": false, "display_name": "Model", "dynamic": false, "info": "", "name": "model", "options": ["text-embedding-3-small", "text-embedding-3-large", "text-embedding-ada-002"], "placeholder": "", "required": false, "show": true, "title_case": false, "tool_mode": false, "trace_as_metadata": true, "type": "str", "value": "text-embedding-3-large"}, "model_kwargs": {"_input_type": "DictInput", "advanced": true, "display_name": "Model Kwargs", "dynamic": false, "info": "", "list": false, "name": "model_kwargs", "placeholder": "", "required": false, "show": true, "title_case": false, "trace_as_input": true, "type": "dict", "value": {}}, "openai_api_base": {"_input_type": "MessageTextInput", "advanced": true, "display_name": "OpenAI API Base", "dynamic": false, "info": "", "input_types": ["Message"], "list": false, "load_from_db": false, "name": "openai_api_base", "placeholder": "", "required": false, "show": true, "title_case": false, "tool_mode": false, "trace_as_input": true, "trace_as_metadata": true, "type": "str", "value": ""}, "openai_api_key": {"_input_type": "SecretStrInput", "advanced": false, "display_name": "OpenAI API Key", "dynamic": false, "info": "", "input_types": ["Message"], "load_from_db": true, "name": "openai_api_key", "password": true, "placeholder": "", "required": true, "show": true, "title_case": false, "type": "str", "value": null}, "openai_api_type": {"_input_type": "MessageTextInput", "advanced": true, "display_name": "OpenAI API Type", "dynamic": false, "info": "", "input_types": ["Message"], "list": false, "load_from_db": false, "name": "openai_api_type", "placeholder": "", "required": false, "show": true, "title_case": false, "tool_mode": false, "trace_as_input": true, "trace_as_metadata": true, "type": "str", "value": ""}, "openai_api_version": {"_input_type": "MessageTextInput", "advanced": true, "display_name": "OpenAI API Version", "dynamic": false, "info": "", "input_types": ["Message"], "list": false, "load_from_db": false, "name": "openai_api_version", "placeholder": "", "required": false, "show": true, "title_case": false, "tool_mode": false, "trace_as_input": true, "trace_as_metadata": true, "type": "str", "value": ""}, "openai_organization": {"_input_type": "MessageTextInput", "advanced": true, "display_name": "OpenAI Organization", "dynamic": false, "info": "", "input_types": ["Message"], "list": false, "load_from_db": false, "name": "openai_organization", "placeholder": "", "required": false, "show": true, "title_case": false, "tool_mode": false, "trace_as_input": true, "trace_as_metadata": true, "type": "str", "value": ""}, "openai_proxy": {"_input_type": "MessageTextInput", "advanced": true, "display_name": "OpenAI Proxy", "dynamic": false, "info": "", "input_types": ["Message"], "list": false, "load_from_db": false, "name": "openai_proxy", "placeholder": "", "required": false, "show": true, "title_case": false, "tool_mode": false, "trace_as_input": true, "trace_as_metadata": true, "type": "str", "value": ""}, "request_timeout": {"_input_type": "FloatInput", "advanced": true, "display_name": "Request Timeout", "dynamic": false, "info": "", "list": false, "name": "request_timeout", "placeholder": "", "required": false, "show": true, "title_case": false, "trace_as_metadata": true, "type": "float", "value": ""}, "show_progress_bar": {"_input_type": "BoolInput", "advanced": true, "display_name": "Show Progress Bar", "dynamic": false, "info": "", "list": false, "name": "show_progress_bar", "placeholder": "", "required": false, "show": true, "title_case": false, "trace_as_metadata": true, "type": "bool", "value": false}, "skip_empty": {"_input_type": "BoolInput", "advanced": true, "display_name": "Skip Empty", "dynamic": false, "info": "", "list": false, "name": "skip_empty", "placeholder": "", "required": false, "show": true, "title_case": false, "trace_as_metadata": true, "type": "bool", "value": false}, "tiktoken_enable": {"_input_type": "BoolInput", "advanced": true, "display_name": "TikToken Enable", "dynamic": false, "info": "If False, you must have transformers installed.", "list": false, "name": "tiktoken_enable", "placeholder": "", "required": false, "show": true, "title_case": false, "trace_as_metadata": true, "type": "bool", "value": true}, "tiktoken_model_name": {"_input_type": "MessageTextInput", "advanced": true, "display_name": "TikToken Model Name", "dynamic": false, "info": "", "input_types": ["Message"], "list": false, "load_from_db": false, "name": "tiktoken_model_name", "placeholder": "", "required": false, "show": true, "title_case": false, "tool_mode": false, "trace_as_input": true, "trace_as_metadata": true, "type": "str", "value": ""}}, "tool_mode": false}, "type": "OpenAIEmbeddings"}, "dragging": false, "height": 320, "id": "OpenAIEmbeddings-NhdkG", "measured": {"height": 320, "width": 320}, "position": {"x": 2173.9612038407417, "y": 1701.9273175146518}, "positionAbsolute": {"x": 1690.9220896443658, "y": 1866.483269483266}, "selected": false, "type": "genericNode", "width": 320}, {"id": "RecursiveCharacterTextSplitter-qsyy7", "type": "genericNode", "position": {"x": 2171.5690768822715, "y": 1076.2830971364945}, "data": {"node": {"template": {"_type": "Component", "data_input": {"tool_mode": false, "trace_as_metadata": true, "list": false, "list_add_label": "Add More", "trace_as_input": true, "required": true, "placeholder": "", "show": true, "name": "data_input", "value": "", "display_name": "Input", "advanced": false, "input_types": ["Document", "Data"], "dynamic": false, "info": "The texts to split.", "title_case": false, "type": "other", "_input_type": "DataInput"}, "chunk_overlap": {"tool_mode": false, "trace_as_metadata": true, "list": false, "list_add_label": "Add More", "required": false, "placeholder": "", "show": true, "name": "chunk_overlap", "value": 200, "display_name": "Chunk Overlap", "advanced": false, "dynamic": false, "info": "The amount of overlap between chunks.", "title_case": false, "type": "int", "_input_type": "IntInput"}, "chunk_size": {"tool_mode": false, "trace_as_metadata": true, "list": false, "list_add_label": "Add More", "required": false, "placeholder": "", "show": true, "name": "chunk_size", "value": 3000, "display_name": "Chunk Size", "advanced": false, "dynamic": false, "info": "The maximum length of each chunk.", "title_case": false, "type": "int", "_input_type": "IntInput"}, "code": {"type": "code", "required": true, "placeholder": "", "list": false, "show": true, "multiline": true, "value": "from typing import Any\n\nfrom langchain_text_splitters import RecursiveCharacterTextSplitter, TextSplitter\n\nfrom langflow.base.textsplitters.model import LCTextSplitterComponent\nfrom langflow.inputs.inputs import DataInput, IntInput, MessageTextInput\nfrom langflow.utils.util import unescape_string\n\n\nclass RecursiveCharacterTextSplitterComponent(LCTextSplitterComponent):\n    display_name: str = \"Recursive Character Text Splitter\"\n    description: str = \"Split text trying to keep all related text together.\"\n    documentation: str = \"https://docs.langflow.org/components-processing\"\n    name = \"RecursiveCharacterTextSplitter\"\n    icon = \"LangChain\"\n\n    inputs = [\n        IntInput(\n            name=\"chunk_size\",\n            display_name=\"Chunk Size\",\n            info=\"The maximum length of each chunk.\",\n            value=1000,\n        ),\n        IntInput(\n            name=\"chunk_overlap\",\n            display_name=\"Chunk Overlap\",\n            info=\"The amount of overlap between chunks.\",\n            value=200,\n        ),\n        DataInput(\n            name=\"data_input\",\n            display_name=\"Input\",\n            info=\"The texts to split.\",\n            input_types=[\"Document\", \"Data\"],\n            required=True,\n        ),\n        MessageTextInput(\n            name=\"separators\",\n            display_name=\"Separators\",\n            info='The characters to split on.\\nIf left empty defaults to [\"\\\\n\\\\n\", \"\\\\n\", \" \", \"\"].',\n            is_list=True,\n        ),\n    ]\n\n    def get_data_input(self) -> Any:\n        return self.data_input\n\n    def build_text_splitter(self) -> TextSplitter:\n        if not self.separators:\n            separators: list[str] | None = None\n        else:\n            # check if the separators list has escaped characters\n            # if there are escaped characters, unescape them\n            separators = [unescape_string(x) for x in self.separators]\n\n        return RecursiveCharacterTextSplitter(\n            separators=separators,\n            chunk_size=self.chunk_size,\n            chunk_overlap=self.chunk_overlap,\n        )\n", "fileTypes": [], "file_path": "", "password": false, "name": "code", "advanced": true, "dynamic": true, "info": "", "load_from_db": false, "title_case": false}, "separators": {"tool_mode": false, "trace_as_input": true, "trace_as_metadata": true, "load_from_db": false, "list": true, "list_add_label": "Add More", "required": false, "placeholder": "", "show": true, "name": "separators", "value": "", "display_name": "Separators", "advanced": false, "input_types": ["Message"], "dynamic": false, "info": "The characters to split on.\nIf left empty defaults to [\"\\n\\n\", \"\\n\", \" \", \"\"].", "title_case": false, "type": "str", "_input_type": "MessageTextInput"}}, "description": "Split text trying to keep all related text together.", "icon": "LangChain", "base_classes": ["Data"], "display_name": "Recursive Character Text Splitter", "documentation": "https://docs.langflow.org/components-processing", "minimized": false, "custom_fields": {}, "output_types": [], "pinned": false, "conditional_paths": [], "frozen": false, "outputs": [{"types": ["Data"], "selected": "Data", "name": "data", "display_name": "Data", "method": "transform_data", "value": "__UNDEFINED__", "cache": true, "required_inputs": [], "allows_loop": false, "tool_mode": true}], "field_order": ["chunk_size", "chunk_overlap", "data_input", "separators"], "beta": false, "legacy": false, "edited": false, "metadata": {}, "tool_mode": false, "category": "langchain_utilities", "key": "RecursiveCharacterTextSplitter", "score": 0.10023052380778996, "lf_version": "1.2.0"}, "showNode": true, "type": "RecursiveCharacterTextSplitter", "id": "RecursiveCharacterTextSplitter-qsyy7"}, "selected": false, "measured": {"width": 320, "height": 463}, "dragging": false}, {"id": "Directory-g0VV9", "type": "genericNode", "position": {"x": 1231.4747753001277, "y": 1419.519498407225}, "data": {"node": {"template": {"_type": "Component", "code": {"type": "code", "required": true, "placeholder": "", "list": false, "show": true, "multiline": true, "value": "from langflow.base.data.utils import TEXT_FILE_TYPES, parallel_load_data, parse_text_file_to_data, retrieve_file_paths\nfrom langflow.custom import Component\nfrom langflow.io import BoolInput, IntInput, MessageTextInput, MultiselectInput\nfrom langflow.schema import Data\nfrom langflow.schema.dataframe import DataFrame\nfrom langflow.template import Output\n\n\nclass DirectoryComponent(Component):\n    display_name = \"Directory\"\n    description = \"Recursively load files from a directory.\"\n    icon = \"folder\"\n    name = \"Directory\"\n\n    inputs = [\n        MessageTextInput(\n            name=\"path\",\n            display_name=\"Path\",\n            info=\"Path to the directory to load files from. Defaults to current directory ('.')\",\n            value=\".\",\n            tool_mode=True,\n        ),\n        MultiselectInput(\n            name=\"types\",\n            display_name=\"File Types\",\n            info=\"File types to load. Select one or more types or leave empty to load all supported types.\",\n            options=TEXT_FILE_TYPES,\n            value=[],\n        ),\n        IntInput(\n            name=\"depth\",\n            display_name=\"Depth\",\n            info=\"Depth to search for files.\",\n            value=0,\n        ),\n        IntInput(\n            name=\"max_concurrency\",\n            display_name=\"Max Concurrency\",\n            advanced=True,\n            info=\"Maximum concurrency for loading files.\",\n            value=2,\n        ),\n        BoolInput(\n            name=\"load_hidden\",\n            display_name=\"Load Hidden\",\n            advanced=True,\n            info=\"If true, hidden files will be loaded.\",\n        ),\n        BoolInput(\n            name=\"recursive\",\n            display_name=\"Recursive\",\n            advanced=True,\n            info=\"If true, the search will be recursive.\",\n        ),\n        BoolInput(\n            name=\"silent_errors\",\n            display_name=\"Silent Errors\",\n            advanced=True,\n            info=\"If true, errors will not raise an exception.\",\n        ),\n        BoolInput(\n            name=\"use_multithreading\",\n            display_name=\"Use Multithreading\",\n            advanced=True,\n            info=\"If true, multithreading will be used.\",\n        ),\n    ]\n\n    outputs = [\n        Output(display_name=\"Data\", name=\"data\", method=\"load_directory\"),\n        Output(display_name=\"DataFrame\", name=\"dataframe\", method=\"as_dataframe\"),\n    ]\n\n    def load_directory(self) -> list[Data]:\n        path = self.path\n        types = self.types\n        depth = self.depth\n        max_concurrency = self.max_concurrency\n        load_hidden = self.load_hidden\n        recursive = self.recursive\n        silent_errors = self.silent_errors\n        use_multithreading = self.use_multithreading\n\n        resolved_path = self.resolve_path(path)\n\n        # If no types are specified, use all supported types\n        if not types:\n            types = TEXT_FILE_TYPES\n\n        # Check if all specified types are valid\n        invalid_types = [t for t in types if t not in TEXT_FILE_TYPES]\n        if invalid_types:\n            msg = f\"Invalid file types specified: {invalid_types}. Valid types are: {TEXT_FILE_TYPES}\"\n            raise ValueError(msg)\n\n        valid_types = types\n\n        file_paths = retrieve_file_paths(\n            resolved_path, load_hidden=load_hidden, recursive=recursive, depth=depth, types=valid_types\n        )\n\n        loaded_data = []\n        if use_multithreading:\n            loaded_data = parallel_load_data(file_paths, silent_errors=silent_errors, max_concurrency=max_concurrency)\n        else:\n            loaded_data = [parse_text_file_to_data(file_path, silent_errors=silent_errors) for file_path in file_paths]\n\n        valid_data = [x for x in loaded_data if x is not None and isinstance(x, Data)]\n        self.status = valid_data\n        return valid_data\n\n    def as_dataframe(self) -> DataFrame:\n        return DataFrame(self.load_directory())\n", "fileTypes": [], "file_path": "", "password": false, "name": "code", "advanced": true, "dynamic": true, "info": "", "load_from_db": false, "title_case": false}, "depth": {"tool_mode": false, "trace_as_metadata": true, "list": false, "list_add_label": "Add More", "required": false, "placeholder": "", "show": true, "name": "depth", "value": 0, "display_name": "Depth", "advanced": false, "dynamic": false, "info": "Depth to search for files.", "title_case": false, "type": "int", "_input_type": "IntInput"}, "load_hidden": {"tool_mode": false, "trace_as_metadata": true, "list": false, "list_add_label": "Add More", "required": false, "placeholder": "", "show": true, "name": "load_hidden", "value": false, "display_name": "Load Hidden", "advanced": true, "dynamic": false, "info": "If true, hidden files will be loaded.", "title_case": false, "type": "bool", "_input_type": "BoolInput"}, "max_concurrency": {"tool_mode": false, "trace_as_metadata": true, "list": false, "list_add_label": "Add More", "required": false, "placeholder": "", "show": true, "name": "max_concurrency", "value": 2, "display_name": "Max Concurrency", "advanced": true, "dynamic": false, "info": "Maximum concurrency for loading files.", "title_case": false, "type": "int", "_input_type": "IntInput"}, "path": {"tool_mode": true, "trace_as_input": true, "trace_as_metadata": true, "load_from_db": false, "list": false, "list_add_label": "Add More", "required": false, "placeholder": "", "show": true, "name": "path", "value": "/Users/apercky/langflow/langflow-data/user_guide", "display_name": "Path", "advanced": false, "input_types": ["Message"], "dynamic": false, "info": "Path to the directory to load files from. Defaults to current directory ('.')", "title_case": false, "type": "str", "_input_type": "MessageTextInput"}, "recursive": {"tool_mode": false, "trace_as_metadata": true, "list": false, "list_add_label": "Add More", "required": false, "placeholder": "", "show": true, "name": "recursive", "value": false, "display_name": "Recursive", "advanced": true, "dynamic": false, "info": "If true, the search will be recursive.", "title_case": false, "type": "bool", "_input_type": "BoolInput"}, "silent_errors": {"tool_mode": false, "trace_as_metadata": true, "list": false, "list_add_label": "Add More", "required": false, "placeholder": "", "show": true, "name": "silent_errors", "value": false, "display_name": "Silent Errors", "advanced": true, "dynamic": false, "info": "If true, errors will not raise an exception.", "title_case": false, "type": "bool", "_input_type": "BoolInput"}, "types": {"tool_mode": false, "trace_as_metadata": true, "options": ["txt", "md", "mdx", "csv", "json", "yaml", "yml", "xml", "html", "htm", "pdf", "docx", "py", "sh", "sql", "js", "ts", "tsx"], "combobox": false, "list": true, "list_add_label": "Add More", "required": false, "placeholder": "", "show": true, "name": "types", "value": ["txt", "pdf", "docx"], "display_name": "File Types", "advanced": false, "dynamic": false, "info": "File types to load. Select one or more types or leave empty to load all supported types.", "title_case": false, "type": "str", "_input_type": "MultiselectInput"}, "use_multithreading": {"tool_mode": false, "trace_as_metadata": true, "list": false, "list_add_label": "Add More", "required": false, "placeholder": "", "show": true, "name": "use_multithreading", "value": false, "display_name": "Use Multithreading", "advanced": true, "dynamic": false, "info": "If true, multithreading will be used.", "title_case": false, "type": "bool", "_input_type": "BoolInput"}}, "description": "Recursively load files from a directory.", "icon": "folder", "base_classes": ["Data", "DataFrame"], "display_name": "Directory", "documentation": "", "minimized": false, "custom_fields": {}, "output_types": [], "pinned": false, "conditional_paths": [], "frozen": false, "outputs": [{"types": ["Data"], "selected": "Data", "name": "data", "display_name": "Data", "method": "load_directory", "value": "__UNDEFINED__", "cache": true, "allows_loop": false, "tool_mode": true}, {"types": ["DataFrame"], "selected": "DataFrame", "name": "dataframe", "display_name": "DataFrame", "method": "as_dataframe", "value": "__UNDEFINED__", "cache": true, "allows_loop": false, "tool_mode": true}], "field_order": ["path", "types", "depth", "max_concurrency", "load_hidden", "recursive", "silent_errors", "use_multithreading"], "beta": false, "legacy": false, "edited": false, "metadata": {}, "tool_mode": false, "category": "data", "key": "Directory", "score": 0.001, "lf_version": "1.2.0"}, "showNode": true, "type": "Directory", "id": "Directory-g0VV9"}, "selected": false, "measured": {"width": 320, "height": 439}, "dragging": false}, {"id": "CustomComponent-vG6h1", "type": "genericNode", "position": {"x": 2608.082973307774, "y": 1252.903047632736}, "data": {"node": {"template": {"_type": "Component", "embedding": {"trace_as_metadata": true, "list": false, "list_add_label": "Add More", "required": false, "placeholder": "", "show": true, "name": "embedding", "value": "", "display_name": "Embedding", "advanced": false, "input_types": ["Embeddings"], "dynamic": false, "info": "", "title_case": false, "type": "other", "_input_type": "HandleInput"}, "ingest_data": {"tool_mode": false, "trace_as_metadata": true, "list": false, "list_add_label": "Add More", "trace_as_input": true, "required": false, "placeholder": "", "show": true, "name": "ingest_data", "value": "", "display_name": "Ingest Data", "advanced": false, "input_types": ["Data"], "dynamic": false, "info": "", "title_case": false, "type": "other", "_input_type": "DataInput"}, "allow_duplicates": {"tool_mode": false, "trace_as_metadata": true, "list": false, "list_add_label": "Add More", "required": false, "placeholder": "", "show": true, "name": "allow_duplicates", "value": false, "display_name": "Allow Duplicates", "advanced": true, "dynamic": false, "info": "If false, will not add documents that are already in the Vector Store.", "title_case": false, "type": "bool", "_input_type": "BoolInput"}, "authentication_type": {"tool_mode": false, "trace_as_metadata": true, "options": ["None", "Basic Auth"], "options_metadata": [], "combobox": false, "dialog_inputs": {}, "required": false, "placeholder": "", "show": true, "name": "authentication_type", "value": "Basic Auth", "display_name": "Authentication Type", "advanced": false, "dynamic": false, "info": "Select the authentication type for your Chroma server", "title_case": false, "type": "str", "_input_type": "DropdownInput", "load_from_db": false}, "chroma_server_cors_allow_origins": {"tool_mode": false, "trace_as_metadata": true, "load_from_db": false, "list": false, "list_add_label": "Add More", "required": false, "placeholder": "", "show": true, "name": "chroma_server_cors_allow_origins", "value": "", "display_name": "Server CORS Allow Origins", "advanced": true, "dynamic": false, "info": "", "title_case": false, "type": "str", "_input_type": "StrInput"}, "chroma_server_grpc_port": {"tool_mode": false, "trace_as_metadata": true, "list": false, "list_add_label": "Add More", "required": false, "placeholder": "", "show": true, "name": "chroma_server_grpc_port", "value": "", "display_name": "Server gRPC Port", "advanced": true, "dynamic": false, "info": "", "title_case": false, "type": "int", "_input_type": "IntInput"}, "chroma_server_host": {"tool_mode": false, "trace_as_metadata": true, "load_from_db": true, "list": false, "list_add_label": "Add More", "required": false, "placeholder": "", "show": true, "name": "chroma_server_host", "value": "CHROMADB_HOST", "display_name": "Server Host", "advanced": false, "dynamic": false, "info": "", "title_case": false, "type": "str", "_input_type": "StrInput"}, "chroma_server_http_port": {"tool_mode": false, "trace_as_metadata": true, "list": false, "list_add_label": "Add More", "required": false, "placeholder": "", "show": true, "name": "chroma_server_http_port", "value": 8000, "display_name": "Server HTTP Port", "advanced": false, "dynamic": false, "info": "", "title_case": false, "type": "int", "_input_type": "IntInput", "load_from_db": false}, "chroma_server_ssl_enabled": {"tool_mode": false, "trace_as_metadata": true, "list": false, "list_add_label": "Add More", "required": false, "placeholder": "", "show": true, "name": "chroma_server_ssl_enabled", "value": false, "display_name": "Server SSL Enabled", "advanced": true, "dynamic": false, "info": "", "title_case": false, "type": "bool", "_input_type": "BoolInput"}, "code": {"type": "code", "required": true, "placeholder": "", "list": false, "show": true, "multiline": true, "value": "from copy import deepcopy\nimport json\n\nfrom chromadb.config import Settings\nfrom langchain_chroma import Chroma\nfrom typing_extensions import override\n\nfrom langflow.base.vectorstores.model import (\n    LCVectorStoreComponent,\n    check_cached_vector_store,\n)\nfrom langflow.base.vectorstores.utils import chroma_collection_to_data\nfrom langflow.io import BoolInput, DropdownInput, HandleInput, IntInput, StrInput\nfrom langflow.schema import Data\n\n\nclass ChromaVectorStoreAdvancedComponent(LCVectorStoreComponent):\n    \"\"\"Chroma Vector Store with search capabilities and basic authentication.\"\"\"\n\n    display_name: str = \"Chroma DB advanced\"\n    description: str = (\n        \"Chroma Vector Store with search capabilities and authentication options\"\n    )\n    name = \"Chroma DB advanced\"\n    icon = \"Chroma\"\n\n    inputs = [\n        StrInput(\n            name=\"collection_name\",\n            display_name=\"Collection Name\",\n            value=\"langflow\",\n        ),\n        StrInput(\n            name=\"persist_directory\",\n            display_name=\"Persist Directory\",\n        ),\n        *LCVectorStoreComponent.inputs,\n        HandleInput(\n            name=\"embedding\", display_name=\"Embedding\", input_types=[\"Embeddings\"]\n        ),\n        DropdownInput(\n            name=\"authentication_type\",\n            display_name=\"Authentication Type\",\n            options=[\"None\", \"Basic Auth\"],\n            value=\"None\",\n            info=\"Select the authentication type for your Chroma server\",\n        ),\n        StrInput(\n            name=\"username\",\n            display_name=\"Username\",\n            info=\"Username for basic authentication\",\n            advanced=True,\n        ),\n        StrInput(\n            name=\"password\",\n            display_name=\"Password\",\n            info=\"Password for basic authentication\",\n            advanced=True,\n        ),\n        StrInput(\n            name=\"chroma_server_cors_allow_origins\",\n            display_name=\"Server CORS Allow Origins\",\n            advanced=True,\n        ),\n        StrInput(\n            name=\"chroma_server_host\",\n            display_name=\"Server Host\",\n            advanced=True,\n        ),\n        IntInput(\n            name=\"chroma_server_http_port\",\n            display_name=\"Server HTTP Port\",\n            advanced=True,\n        ),\n        IntInput(\n            name=\"chroma_server_grpc_port\",\n            display_name=\"Server gRPC Port\",\n            advanced=True,\n        ),\n        BoolInput(\n            name=\"chroma_server_ssl_enabled\",\n            display_name=\"Server SSL Enabled\",\n            advanced=True,\n        ),\n        BoolInput(\n            name=\"allow_duplicates\",\n            display_name=\"Allow Duplicates\",\n            advanced=True,\n            info=\"If false, will not add documents that are already in the Vector Store.\",\n        ),\n        DropdownInput(\n            name=\"search_type\",\n            display_name=\"Search Type\",\n            options=[\"Similarity\", \"MMR\"],\n            value=\"Similarity\",\n            advanced=True,\n        ),\n        IntInput(\n            name=\"number_of_results\",\n            display_name=\"Number of Results\",\n            info=\"Number of results to return.\",\n            advanced=True,\n            value=10,\n        ),\n        IntInput(\n            name=\"limit\",\n            display_name=\"Limit\",\n            advanced=True,\n            info=\"Limit the number of records to compare when Allow Duplicates is False.\",\n        ),\n        BoolInput(\n            name=\"preserve_complex_metadata\",\n            display_name=\"Preserve Complex Metadata\",\n            advanced=True,\n            info=\"If true, complex metadata will be serialized as JSON strings rather than filtered out.\",\n            value=True,\n        ),\n    ]\n\n    @override\n    @check_cached_vector_store\n    def build_vector_store(self) -> Chroma:\n        \"\"\"Builds the Chroma object.\"\"\"\n        try:\n            from chromadb import Client, HttpClient\n            from langchain_chroma import Chroma\n        except ImportError as e:\n            msg = \"Could not import Chroma integration package. Please install it with `pip install langchain-chroma`.\"\n            raise ImportError(msg) from e\n\n        # Chroma settings and client\n        client = None\n\n        if self.chroma_server_host:\n            # Create settings object\n            chroma_settings = Settings(\n                chroma_server_cors_allow_origins=self.chroma_server_cors_allow_origins\n                or [],\n                chroma_server_host=self.chroma_server_host,\n                chroma_server_http_port=self.chroma_server_http_port or None,\n                chroma_server_grpc_port=self.chroma_server_grpc_port or None,\n                chroma_server_ssl_enabled=self.chroma_server_ssl_enabled,\n            )\n\n            # Handle authentication\n            if (\n                self.authentication_type == \"Basic Auth\"\n                and self.username\n                and self.password\n            ):\n                # Create basic auth headers\n                import base64\n\n                auth_string = f\"{self.username}:{self.password}\"\n                encoded_auth = base64.b64encode(auth_string.encode()).decode()\n                auth_headers = {\"Authorization\": f\"Basic {encoded_auth}\"}\n\n                # Use HttpClient with auth headers for basic auth\n                client = HttpClient(\n                    host=self.chroma_server_host,\n                    port=self.chroma_server_http_port,\n                    ssl=self.chroma_server_ssl_enabled,\n                    headers=auth_headers,\n                    settings=chroma_settings,\n                )\n                self.log(\"Using basic authentication for Chroma connection.\")\n            else:\n                # Standard client without auth\n                client = Client(settings=chroma_settings)\n                self.log(\"Using Chroma connection without authentication.\")\n\n        # Check persist_directory and expand it if it is a relative path\n        persist_directory = (\n            self.resolve_path(self.persist_directory)\n            if self.persist_directory is not None\n            else None\n        )\n\n        chroma = Chroma(\n            persist_directory=persist_directory,\n            client=client,\n            embedding_function=self.embedding,\n            collection_name=self.collection_name,\n        )\n\n        self._add_documents_to_vector_store(chroma)\n        self.status = chroma_collection_to_data(chroma.get(limit=self.limit))\n        return chroma\n\n    def _process_metadata(self, metadata):\n        \"\"\"Process metadata to handle complex data types.\"\"\"\n        if not self.preserve_complex_metadata:\n            # Standard approach: filter out complex metadata\n            try:\n                from langchain_community.vectorstores.utils import filter_complex_metadata\n                return filter_complex_metadata(metadata)\n            except ImportError:\n                self.log(\"Warning: Could not import filter_complex_metadata. Complex metadata may cause errors.\")\n                return metadata\n        else:\n            # Convert complex types to strings\n            processed_metadata = {}\n            for key, value in metadata.items():\n                if isinstance(value, (str, int, float, bool)):\n                    processed_metadata[key] = value\n                elif value is None:\n                    # Skip None values\n                    continue\n                else:\n                    # Convert complex types to JSON strings\n                    try:\n                        processed_metadata[key] = json.dumps(value)\n                    except (TypeError, ValueError):\n                        # If can't serialize, convert to string\n                        processed_metadata[key] = str(value)\n            return processed_metadata\n\n    def _add_documents_to_vector_store(self, vector_store: \"Chroma\") -> None:\n        \"\"\"Adds documents to the Vector Store.\"\"\"\n        if not self.ingest_data:\n            self.status = \"\"\n            return\n\n        stored_documents_without_id = []\n        if self.allow_duplicates:\n            stored_data = []\n        else:\n            stored_data = chroma_collection_to_data(vector_store.get(limit=self.limit))\n            for value in deepcopy(stored_data):\n                del value.id\n                stored_documents_without_id.append(value)\n\n        documents = []\n        for _input in self.ingest_data or []:\n            if isinstance(_input, Data):\n                if _input not in stored_documents_without_id:\n                    document = _input.to_lc_document()\n                    \n                    # Process metadata if present\n                    if hasattr(document, 'metadata') and document.metadata:\n                        document.metadata = self._process_metadata(document.metadata)\n                    \n                    documents.append(document)\n            else:\n                msg = \"Vector Store Inputs must be Data objects.\"\n                raise TypeError(msg)\n\n        if documents and self.embedding is not None:\n            self.log(f\"Adding {len(documents)} documents to the Vector Store.\")\n            vector_store.add_documents(documents)\n        else:\n            self.log(\"No documents to add to the Vector Store.\")", "fileTypes": [], "file_path": "", "password": false, "name": "code", "advanced": true, "dynamic": true, "info": "", "load_from_db": false, "title_case": false}, "collection_name": {"tool_mode": false, "trace_as_metadata": true, "load_from_db": false, "list": false, "list_add_label": "Add More", "required": false, "placeholder": "", "show": true, "name": "collection_name", "value": "onestore", "display_name": "Collection Name", "advanced": false, "dynamic": false, "info": "", "title_case": false, "type": "str", "_input_type": "StrInput"}, "limit": {"tool_mode": false, "trace_as_metadata": true, "list": false, "list_add_label": "Add More", "required": false, "placeholder": "", "show": true, "name": "limit", "value": 10, "display_name": "Limit", "advanced": true, "dynamic": false, "info": "Limit the number of records to compare when Allow Duplicates is False.", "title_case": false, "type": "int", "_input_type": "IntInput", "load_from_db": false}, "number_of_results": {"tool_mode": false, "trace_as_metadata": true, "list": false, "list_add_label": "Add More", "required": false, "placeholder": "", "show": true, "name": "number_of_results", "value": 10, "display_name": "Number of Results", "advanced": true, "dynamic": false, "info": "Number of results to return.", "title_case": false, "type": "int", "_input_type": "IntInput"}, "password": {"tool_mode": false, "trace_as_metadata": true, "load_from_db": true, "list": false, "list_add_label": "Add More", "required": false, "placeholder": "", "show": true, "name": "password", "value": "CHROMADB_PASSWORD", "display_name": "Password", "advanced": false, "dynamic": false, "info": "Password for basic authentication", "title_case": false, "type": "str", "_input_type": "StrInput"}, "persist_directory": {"tool_mode": false, "trace_as_metadata": true, "load_from_db": false, "list": false, "list_add_label": "Add More", "required": false, "placeholder": "", "show": true, "name": "persist_directory", "value": "", "display_name": "Persist Directory", "advanced": true, "dynamic": false, "info": "", "title_case": false, "type": "str", "_input_type": "StrInput"}, "preserve_complex_metadata": {"tool_mode": false, "trace_as_metadata": true, "list": false, "list_add_label": "Add More", "required": false, "placeholder": "", "show": true, "name": "preserve_complex_metadata", "value": true, "display_name": "Preserve Complex Metadata", "advanced": false, "dynamic": false, "info": "If true, complex metadata will be serialized as JSON strings rather than filtered out.", "title_case": false, "type": "bool", "_input_type": "BoolInput"}, "search_query": {"tool_mode": true, "trace_as_input": true, "multiline": true, "trace_as_metadata": true, "load_from_db": false, "list": false, "list_add_label": "Add More", "required": false, "placeholder": "", "show": true, "name": "search_query", "value": "", "display_name": "Search Query", "advanced": true, "input_types": ["Message"], "dynamic": false, "info": "", "title_case": false, "type": "str", "_input_type": "MultilineInput"}, "search_type": {"tool_mode": false, "trace_as_metadata": true, "options": ["Similarity", "MMR"], "options_metadata": [], "combobox": false, "dialog_inputs": {}, "required": false, "placeholder": "", "show": true, "name": "search_type", "value": "Similarity", "display_name": "Search Type", "advanced": true, "dynamic": false, "info": "", "title_case": false, "type": "str", "_input_type": "DropdownInput"}, "should_cache_vector_store": {"tool_mode": false, "trace_as_metadata": true, "list": false, "list_add_label": "Add More", "required": false, "placeholder": "", "show": true, "name": "should_cache_vector_store", "value": true, "display_name": "Cache Vector Store", "advanced": true, "dynamic": false, "info": "If True, the vector store will be cached for the current build of the component. This is useful for components that have multiple output methods and want to share the same vector store.", "title_case": false, "type": "bool", "_input_type": "BoolInput"}, "username": {"tool_mode": false, "trace_as_metadata": true, "load_from_db": true, "list": false, "list_add_label": "Add More", "required": false, "placeholder": "", "show": true, "name": "username", "value": "CHROMADB_USER", "display_name": "Username", "advanced": false, "dynamic": false, "info": "Username for basic authentication", "title_case": false, "type": "str", "_input_type": "StrInput"}}, "description": "Chroma Vector Store with search capabilities and authentication options", "icon": "Chroma", "base_classes": ["Data", "DataFrame"], "display_name": "Chroma DB advanced", "documentation": "", "minimized": false, "custom_fields": {}, "output_types": [], "pinned": false, "conditional_paths": [], "frozen": false, "outputs": [{"types": ["Data"], "selected": "Data", "name": "search_results", "hidden": null, "display_name": "Search Results", "method": "search_documents", "value": "__UNDEFINED__", "cache": true, "required_inputs": [], "allows_loop": false, "tool_mode": true}, {"types": ["DataFrame"], "selected": "DataFrame", "name": "dataframe", "hidden": null, "display_name": "DataFrame", "method": "as_dataframe", "value": "__UNDEFINED__", "cache": true, "required_inputs": [], "allows_loop": false, "tool_mode": true}], "field_order": ["collection_name", "persist_directory", "ingest_data", "search_query", "should_cache_vector_store", "embedding", "authentication_type", "username", "password", "chroma_server_cors_allow_origins", "chroma_server_host", "chroma_server_http_port", "chroma_server_grpc_port", "chroma_server_ssl_enabled", "allow_duplicates", "search_type", "number_of_results", "limit", "preserve_complex_metadata"], "beta": false, "legacy": false, "edited": true, "metadata": {}, "tool_mode": false, "lf_version": "1.2.0"}, "showNode": true, "type": "Chroma DB advanced", "id": "CustomComponent-vG6h1"}, "selected": false, "measured": {"width": 320, "height": 838}, "dragging": false}, {"id": "ParseData-v82nU", "type": "genericNode", "position": {"x": 1691.7513276987518, "y": 1090.0952393952923}, "data": {"node": {"template": {"_type": "Component", "data": {"tool_mode": false, "trace_as_metadata": true, "list": true, "list_add_label": "Add More", "trace_as_input": true, "required": true, "placeholder": "", "show": true, "name": "data", "value": "", "display_name": "Data", "advanced": false, "input_types": ["Data"], "dynamic": false, "info": "The data to convert to text.", "title_case": false, "type": "other", "_input_type": "DataInput"}, "code": {"type": "code", "required": true, "placeholder": "", "list": false, "show": true, "multiline": true, "value": "from langflow.custom import Component\nfrom langflow.helpers.data import data_to_text, data_to_text_list\nfrom langflow.io import DataInput, MultilineInput, Output, StrInput\nfrom langflow.schema import Data\nfrom langflow.schema.message import Message\n\n\nclass ParseDataComponent(Component):\n    display_name = \"Data to Message\"\n    description = \"Convert Data objects into Messages using any {field_name} from input data.\"\n    icon = \"message-square\"\n    name = \"ParseData\"\n    legacy = True\n    metadata = {\n        \"legacy_name\": \"Parse Data\",\n    }\n\n    inputs = [\n        DataInput(\n            name=\"data\",\n            display_name=\"Data\",\n            info=\"The data to convert to text.\",\n            is_list=True,\n            required=True,\n        ),\n        MultilineInput(\n            name=\"template\",\n            display_name=\"Template\",\n            info=\"The template to use for formatting the data. \"\n            \"It can contain the keys {text}, {data} or any other key in the Data.\",\n            value=\"{text}\",\n            required=True,\n        ),\n        StrInput(name=\"sep\", display_name=\"Separator\", advanced=True, value=\"\\n\"),\n    ]\n\n    outputs = [\n        Output(\n            display_name=\"Message\",\n            name=\"text\",\n            info=\"Data as a single Message, with each input Data separated by Separator\",\n            method=\"parse_data\",\n        ),\n        Output(\n            display_name=\"Data List\",\n            name=\"data_list\",\n            info=\"Data as a list of new Data, each having `text` formatted by Template\",\n            method=\"parse_data_as_list\",\n        ),\n    ]\n\n    def _clean_args(self) -> tuple[list[Data], str, str]:\n        data = self.data if isinstance(self.data, list) else [self.data]\n        template = self.template\n        sep = self.sep\n        return data, template, sep\n\n    def parse_data(self) -> Message:\n        data, template, sep = self._clean_args()\n        result_string = data_to_text(template, data, sep)\n        self.status = result_string\n        return Message(text=result_string)\n\n    def parse_data_as_list(self) -> list[Data]:\n        data, template, _ = self._clean_args()\n        text_list, data_list = data_to_text_list(template, data)\n        for item, text in zip(data_list, text_list, strict=True):\n            item.set_text(text)\n        self.status = data_list\n        return data_list\n", "fileTypes": [], "file_path": "", "password": false, "name": "code", "advanced": true, "dynamic": true, "info": "", "load_from_db": false, "title_case": false}, "sep": {"tool_mode": false, "trace_as_metadata": true, "load_from_db": false, "list": false, "list_add_label": "Add More", "required": false, "placeholder": "", "show": true, "name": "sep", "value": "\n", "display_name": "Separator", "advanced": true, "dynamic": false, "info": "", "title_case": false, "type": "str", "_input_type": "StrInput"}, "template": {"tool_mode": false, "trace_as_input": true, "multiline": true, "trace_as_metadata": true, "load_from_db": false, "list": false, "list_add_label": "Add More", "required": true, "placeholder": "", "show": true, "name": "template", "value": "{text}", "display_name": "Template", "advanced": false, "input_types": ["Message"], "dynamic": false, "info": "The template to use for formatting the data. It can contain the keys {text}, {data} or any other key in the Data.", "title_case": false, "copy_field": false, "type": "str", "_input_type": "MultilineInput"}}, "description": "Convert Data objects into Messages using any {field_name} from input data.", "icon": "message-square", "base_classes": ["Data", "Message"], "display_name": "Data to Message", "documentation": "", "minimized": false, "custom_fields": {}, "output_types": [], "pinned": false, "conditional_paths": [], "frozen": false, "outputs": [{"types": ["Message"], "selected": "Message", "name": "text", "display_name": "Message", "method": "parse_data", "value": "__UNDEFINED__", "cache": true, "required_inputs": null, "allows_loop": false, "options": null, "tool_mode": true}, {"types": ["Data"], "selected": "Data", "name": "data_list", "display_name": "Data List", "method": "parse_data_as_list", "value": "__UNDEFINED__", "cache": true, "required_inputs": null, "allows_loop": false, "options": null, "tool_mode": true}], "field_order": ["data", "template", "sep"], "beta": false, "legacy": true, "edited": false, "metadata": {"legacy_name": "Parse Data"}, "tool_mode": false}, "showNode": true, "type": "ParseData", "id": "ParseData-v82nU"}, "selected": false, "measured": {"width": 320, "height": 340}, "dragging": false}], "edges": [{"source": "OpenAIEmbeddings-NhdkG", "sourceHandle": "{\u0153dataType\u0153:\u0153OpenAIEmbeddings\u0153,\u0153id\u0153:\u0153OpenAIEmbeddings-NhdkG\u0153,\u0153name\u0153:\u0153embeddings\u0153,\u0153output_types\u0153:[\u0153Embeddings\u0153]}", "target": "CustomComponent-vG6h1", "targetHandle": "{\u0153fieldName\u0153:\u0153embedding\u0153,\u0153id\u0153:\u0153CustomComponent-vG6h1\u0153,\u0153inputTypes\u0153:[\u0153Embeddings\u0153],\u0153type\u0153:\u0153other\u0153}", "data": {"targetHandle": {"fieldName": "embedding", "id": "CustomComponent-vG6h1", "inputTypes": ["Embeddings"], "type": "other"}, "sourceHandle": {"dataType": "OpenAIEmbeddings", "id": "OpenAIEmbeddings-NhdkG", "name": "embeddings", "output_types": ["Embeddings"]}}, "id": "xy-edge__OpenAIEmbeddings-NhdkG{\u0153dataType\u0153:\u0153OpenAIEmbeddings\u0153,\u0153id\u0153:\u0153OpenAIEmbeddings-NhdkG\u0153,\u0153name\u0153:\u0153embeddings\u0153,\u0153output_types\u0153:[\u0153Embeddings\u0153]}-CustomComponent-vG6h1{\u0153fieldName\u0153:\u0153embedding\u0153,\u0153id\u0153:\u0153CustomComponent-vG6h1\u0153,\u0153inputTypes\u0153:[\u0153Embeddings\u0153],\u0153type\u0153:\u0153other\u0153}", "animated": false, "className": "", "selected": false}, {"source": "RecursiveCharacterTextSplitter-qsyy7", "sourceHandle": "{\u0153dataType\u0153:\u0153RecursiveCharacterTextSplitter\u0153,\u0153id\u0153:\u0153RecursiveCharacterTextSplitter-qsyy7\u0153,\u0153name\u0153:\u0153data\u0153,\u0153output_types\u0153:[\u0153Data\u0153]}", "target": "CustomComponent-vG6h1", "targetHandle": "{\u0153fieldName\u0153:\u0153ingest_data\u0153,\u0153id\u0153:\u0153CustomComponent-vG6h1\u0153,\u0153inputTypes\u0153:[\u0153Data\u0153],\u0153type\u0153:\u0153other\u0153}", "data": {"targetHandle": {"fieldName": "ingest_data", "id": "CustomComponent-vG6h1", "inputTypes": ["Data"], "type": "other"}, "sourceHandle": {"dataType": "RecursiveCharacterTextSplitter", "id": "RecursiveCharacterTextSplitter-qsyy7", "name": "data", "output_types": ["Data"]}}, "id": "xy-edge__RecursiveCharacterTextSplitter-qsyy7{\u0153dataType\u0153:\u0153RecursiveCharacterTextSplitter\u0153,\u0153id\u0153:\u0153RecursiveCharacterTextSplitter-qsyy7\u0153,\u0153name\u0153:\u0153data\u0153,\u0153output_types\u0153:[\u0153Data\u0153]}-CustomComponent-vG6h1{\u0153fieldName\u0153:\u0153ingest_data\u0153,\u0153id\u0153:\u0153CustomComponent-vG6h1\u0153,\u0153inputTypes\u0153:[\u0153Data\u0153],\u0153type\u0153:\u0153other\u0153}", "animated": false, "className": "", "selected": false}, {"source": "Directory-g0VV9", "sourceHandle": "{\u0153dataType\u0153:\u0153Directory\u0153,\u0153id\u0153:\u0153Directory-g0VV9\u0153,\u0153name\u0153:\u0153data\u0153,\u0153output_types\u0153:[\u0153Data\u0153]}", "target": "ParseData-v82nU", "targetHandle": "{\u0153fieldName\u0153:\u0153data\u0153,\u0153id\u0153:\u0153ParseData-v82nU\u0153,\u0153inputTypes\u0153:[\u0153Data\u0153],\u0153type\u0153:\u0153other\u0153}", "data": {"targetHandle": {"fieldName": "data", "id": "ParseData-v82nU", "inputTypes": ["Data"], "type": "other"}, "sourceHandle": {"dataType": "Directory", "id": "Directory-g0VV9", "name": "data", "output_types": ["Data"]}}, "id": "xy-edge__Directory-g0VV9{\u0153dataType\u0153:\u0153Directory\u0153,\u0153id\u0153:\u0153Directory-g0VV9\u0153,\u0153name\u0153:\u0153data\u0153,\u0153output_types\u0153:[\u0153Data\u0153]}-ParseData-v82nU{\u0153fieldName\u0153:\u0153data\u0153,\u0153id\u0153:\u0153ParseData-v82nU\u0153,\u0153inputTypes\u0153:[\u0153Data\u0153],\u0153type\u0153:\u0153other\u0153}", "animated": false, "className": "", "selected": false}, {"source": "ParseData-v82nU", "sourceHandle": "{\u0153dataType\u0153:\u0153ParseData\u0153,\u0153id\u0153:\u0153ParseData-v82nU\u0153,\u0153name\u0153:\u0153data_list\u0153,\u0153output_types\u0153:[\u0153Data\u0153]}", "target": "RecursiveCharacterTextSplitter-qsyy7", "targetHandle": "{\u0153fieldName\u0153:\u0153data_input\u0153,\u0153id\u0153:\u0153RecursiveCharacterTextSplitter-qsyy7\u0153,\u0153inputTypes\u0153:[\u0153Document\u0153,\u0153Data\u0153],\u0153type\u0153:\u0153other\u0153}", "data": {"targetHandle": {"fieldName": "data_input", "id": "RecursiveCharacterTextSplitter-qsyy7", "inputTypes": ["Document", "Data"], "type": "other"}, "sourceHandle": {"dataType": "ParseData", "id": "ParseData-v82nU", "name": "data_list", "output_types": ["Data"]}}, "id": "xy-edge__ParseData-v82nU{\u0153dataType\u0153:\u0153ParseData\u0153,\u0153id\u0153:\u0153ParseData-v82nU\u0153,\u0153name\u0153:\u0153data_list\u0153,\u0153output_types\u0153:[\u0153Data\u0153]}-RecursiveCharacterTextSplitter-qsyy7{\u0153fieldName\u0153:\u0153data_input\u0153,\u0153id\u0153:\u0153RecursiveCharacterTextSplitter-qsyy7\u0153,\u0153inputTypes\u0153:[\u0153Document\u0153,\u0153Data\u0153],\u0153type\u0153:\u0153other\u0153}", "animated": false, "className": "", "selected": false}], "viewport": {"x": -609.1820000710964, "y": -826.0139898502105, "zoom": 0.8053942071325314}}, "is_component": false, "updated_at": "2025-05-08T13:36:16+00:00", "webhook": false, "endpoint_name": null, "tags": null, "locked": false, "mcp_enabled": null, "action_name": null, "action_description": null, "access_type": "PRIVATE", "id": "0e93b7ad-c1eb-4921-acfc-720e457349fd", "user_id": "47527616-d4be-4d4f-acf0-78a997020ddd", "folder_id": "a6355346-4c07-495b-8c2e-9fdf2c213b0f"}