{"name": "Ingest to Qdrant Vector Store RAG", "description": "Load your data for chat context with Retrieval Augmented Generation.", "icon": null, "icon_bg_color": null, "gradient": null, "data": {"nodes": [{"data": {"id": "note-kVsn1", "node": {"description": "## \ud83d\udcda 1. Load Data Flow\n\nRun this first! Load data from a local file and embed it into the vector database.\n\nSelect a Database and a Collection, or create new ones. \n\nClick \u25b6\ufe0f **Run component** on the **Astra DB** component to load your data.\n\n* If you're using OSS Langflow, add your Astra DB Application Token to the Astra DB component.\n\n#### Next steps:\n Experiment by changing the prompt and the contextual data to see how the retrieval flow's responses change.", "display_name": "", "documentation": "", "template": {"backgroundColor": "neutral"}}, "type": "note"}, "dragging": false, "height": 324, "id": "note-kVsn1", "measured": {"height": 324, "width": 324}, "position": {"x": 885.4085727479892, "y": 1504.0300943507766}, "positionAbsolute": {"x": 955.3277857006676, "y": 1552.171191793604}, "resizing": false, "selected": false, "style": {"height": 324, "width": 324}, "type": "noteNode", "width": 324}, {"data": {"id": "OpenAIEmbeddings-NhdkG", "node": {"base_classes": ["Embeddings"], "beta": false, "conditional_paths": [], "custom_fields": {}, "description": "Generate embeddings using OpenAI models.", "display_name": "OpenAI Embeddings", "documentation": "", "edited": false, "field_order": ["default_headers", "default_query", "chunk_size", "client", "deployment", "embedding_ctx_length", "max_retries", "model", "model_kwargs", "openai_api_key", "openai_api_base", "openai_api_type", "openai_api_version", "openai_organization", "openai_proxy", "request_timeout", "show_progress_bar", "skip_empty", "tiktoken_model_name", "tiktoken_enable", "dimensions"], "frozen": false, "icon": "OpenAI", "legacy": false, "lf_version": "1.4.0", "metadata": {}, "output_types": [], "outputs": [{"allows_loop": false, "cache": true, "display_name": "Embeddings", "method": "build_embeddings", "name": "embeddings", "required_inputs": ["openai_api_key"], "selected": "Embeddings", "tool_mode": true, "types": ["Embeddings"], "value": "__UNDEFINED__"}], "pinned": false, "template": {"_type": "Component", "chunk_size": {"_input_type": "IntInput", "advanced": false, "display_name": "Chunk Size", "dynamic": false, "info": "", "list": false, "name": "chunk_size", "placeholder": "", "required": false, "show": true, "title_case": false, "trace_as_metadata": true, "type": "int", "value": 3072}, "client": {"_input_type": "MessageTextInput", "advanced": true, "display_name": "Client", "dynamic": false, "info": "", "input_types": ["Message"], "list": false, "load_from_db": false, "name": "client", "placeholder": "", "required": false, "show": true, "title_case": false, "tool_mode": false, "trace_as_input": true, "trace_as_metadata": true, "type": "str", "value": ""}, "code": {"advanced": true, "dynamic": true, "fileTypes": [], "file_path": "", "info": "", "list": false, "load_from_db": false, "multiline": true, "name": "code", "password": false, "placeholder": "", "required": true, "show": true, "title_case": false, "type": "code", "value": "from langchain_openai import OpenAIEmbeddings\n\nfrom langflow.base.embeddings.model import LCEmbeddingsModel\nfrom langflow.base.models.openai_constants import OPENAI_EMBEDDING_MODEL_NAMES\nfrom langflow.field_typing import Embeddings\nfrom langflow.io import BoolInput, DictInput, DropdownInput, FloatInput, IntInput, MessageTextInput, SecretStrInput\n\n\nclass OpenAIEmbeddingsComponent(LCEmbeddingsModel):\n    display_name = \"OpenAI Embeddings\"\n    description = \"Generate embeddings using OpenAI models.\"\n    icon = \"OpenAI\"\n    name = \"OpenAIEmbeddings\"\n\n    inputs = [\n        DictInput(\n            name=\"default_headers\",\n            display_name=\"Default Headers\",\n            advanced=True,\n            info=\"Default headers to use for the API request.\",\n        ),\n        DictInput(\n            name=\"default_query\",\n            display_name=\"Default Query\",\n            advanced=True,\n            info=\"Default query parameters to use for the API request.\",\n        ),\n        IntInput(name=\"chunk_size\", display_name=\"Chunk Size\", advanced=True, value=1000),\n        MessageTextInput(name=\"client\", display_name=\"Client\", advanced=True),\n        MessageTextInput(name=\"deployment\", display_name=\"Deployment\", advanced=True),\n        IntInput(name=\"embedding_ctx_length\", display_name=\"Embedding Context Length\", advanced=True, value=1536),\n        IntInput(name=\"max_retries\", display_name=\"Max Retries\", value=3, advanced=True),\n        DropdownInput(\n            name=\"model\",\n            display_name=\"Model\",\n            advanced=False,\n            options=OPENAI_EMBEDDING_MODEL_NAMES,\n            value=\"text-embedding-3-small\",\n        ),\n        DictInput(name=\"model_kwargs\", display_name=\"Model Kwargs\", advanced=True),\n        SecretStrInput(name=\"openai_api_key\", display_name=\"OpenAI API Key\", value=\"OPENAI_API_KEY\", required=True),\n        MessageTextInput(name=\"openai_api_base\", display_name=\"OpenAI API Base\", advanced=True),\n        MessageTextInput(name=\"openai_api_type\", display_name=\"OpenAI API Type\", advanced=True),\n        MessageTextInput(name=\"openai_api_version\", display_name=\"OpenAI API Version\", advanced=True),\n        MessageTextInput(\n            name=\"openai_organization\",\n            display_name=\"OpenAI Organization\",\n            advanced=True,\n        ),\n        MessageTextInput(name=\"openai_proxy\", display_name=\"OpenAI Proxy\", advanced=True),\n        FloatInput(name=\"request_timeout\", display_name=\"Request Timeout\", advanced=True),\n        BoolInput(name=\"show_progress_bar\", display_name=\"Show Progress Bar\", advanced=True),\n        BoolInput(name=\"skip_empty\", display_name=\"Skip Empty\", advanced=True),\n        MessageTextInput(\n            name=\"tiktoken_model_name\",\n            display_name=\"TikToken Model Name\",\n            advanced=True,\n        ),\n        BoolInput(\n            name=\"tiktoken_enable\",\n            display_name=\"TikToken Enable\",\n            advanced=True,\n            value=True,\n            info=\"If False, you must have transformers installed.\",\n        ),\n        IntInput(\n            name=\"dimensions\",\n            display_name=\"Dimensions\",\n            info=\"The number of dimensions the resulting output embeddings should have. \"\n            \"Only supported by certain models.\",\n            advanced=True,\n        ),\n    ]\n\n    def build_embeddings(self) -> Embeddings:\n        return OpenAIEmbeddings(\n            client=self.client or None,\n            model=self.model,\n            dimensions=self.dimensions or None,\n            deployment=self.deployment or None,\n            api_version=self.openai_api_version or None,\n            base_url=self.openai_api_base or None,\n            openai_api_type=self.openai_api_type or None,\n            openai_proxy=self.openai_proxy or None,\n            embedding_ctx_length=self.embedding_ctx_length,\n            api_key=self.openai_api_key or None,\n            organization=self.openai_organization or None,\n            allowed_special=\"all\",\n            disallowed_special=\"all\",\n            chunk_size=self.chunk_size,\n            max_retries=self.max_retries,\n            timeout=self.request_timeout or None,\n            tiktoken_enabled=self.tiktoken_enable,\n            tiktoken_model_name=self.tiktoken_model_name or None,\n            show_progress_bar=self.show_progress_bar,\n            model_kwargs=self.model_kwargs,\n            skip_empty=self.skip_empty,\n            default_headers=self.default_headers or None,\n            default_query=self.default_query or None,\n        )\n"}, "default_headers": {"_input_type": "DictInput", "advanced": true, "display_name": "Default Headers", "dynamic": false, "info": "Default headers to use for the API request.", "list": false, "name": "default_headers", "placeholder": "", "required": false, "show": true, "title_case": false, "trace_as_input": true, "type": "dict", "value": {}}, "default_query": {"_input_type": "DictInput", "advanced": true, "display_name": "Default Query", "dynamic": false, "info": "Default query parameters to use for the API request.", "list": false, "name": "default_query", "placeholder": "", "required": false, "show": true, "title_case": false, "trace_as_input": true, "type": "dict", "value": {}}, "deployment": {"_input_type": "MessageTextInput", "advanced": true, "display_name": "Deployment", "dynamic": false, "info": "", "input_types": ["Message"], "list": false, "load_from_db": false, "name": "deployment", "placeholder": "", "required": false, "show": true, "title_case": false, "tool_mode": false, "trace_as_input": true, "trace_as_metadata": true, "type": "str", "value": ""}, "dimensions": {"_input_type": "IntInput", "advanced": true, "display_name": "Dimensions", "dynamic": false, "info": "The number of dimensions the resulting output embeddings should have. Only supported by certain models.", "list": false, "name": "dimensions", "placeholder": "", "required": false, "show": true, "title_case": false, "trace_as_metadata": true, "type": "int", "value": ""}, "embedding_ctx_length": {"_input_type": "IntInput", "advanced": true, "display_name": "Embedding Context Length", "dynamic": false, "info": "", "list": false, "name": "embedding_ctx_length", "placeholder": "", "required": false, "show": true, "title_case": false, "trace_as_metadata": true, "type": "int", "value": 1536}, "max_retries": {"_input_type": "IntInput", "advanced": false, "display_name": "Max Retries", "dynamic": false, "info": "", "list": false, "name": "max_retries", "placeholder": "", "required": false, "show": true, "title_case": false, "trace_as_metadata": true, "type": "int", "value": 5}, "model": {"_input_type": "DropdownInput", "advanced": false, "combobox": false, "display_name": "Model", "dynamic": false, "info": "", "name": "model", "options": ["text-embedding-3-small", "text-embedding-3-large", "text-embedding-ada-002"], "placeholder": "", "required": false, "show": true, "title_case": false, "tool_mode": false, "trace_as_metadata": true, "type": "str", "value": "text-embedding-3-large"}, "model_kwargs": {"_input_type": "DictInput", "advanced": true, "display_name": "Model Kwargs", "dynamic": false, "info": "", "list": false, "name": "model_kwargs", "placeholder": "", "required": false, "show": true, "title_case": false, "trace_as_input": true, "type": "dict", "value": {}}, "openai_api_base": {"_input_type": "MessageTextInput", "advanced": true, "display_name": "OpenAI API Base", "dynamic": false, "info": "", "input_types": ["Message"], "list": false, "load_from_db": false, "name": "openai_api_base", "placeholder": "", "required": false, "show": true, "title_case": false, "tool_mode": false, "trace_as_input": true, "trace_as_metadata": true, "type": "str", "value": ""}, "openai_api_key": {"_input_type": "SecretStrInput", "advanced": false, "display_name": "OpenAI API Key", "dynamic": false, "info": "", "input_types": ["Message"], "load_from_db": true, "name": "openai_api_key", "password": true, "placeholder": "", "required": true, "show": true, "title_case": false, "type": "str", "value": null}, "openai_api_type": {"_input_type": "MessageTextInput", "advanced": true, "display_name": "OpenAI API Type", "dynamic": false, "info": "", "input_types": ["Message"], "list": false, "load_from_db": false, "name": "openai_api_type", "placeholder": "", "required": false, "show": true, "title_case": false, "tool_mode": false, "trace_as_input": true, "trace_as_metadata": true, "type": "str", "value": ""}, "openai_api_version": {"_input_type": "MessageTextInput", "advanced": true, "display_name": "OpenAI API Version", "dynamic": false, "info": "", "input_types": ["Message"], "list": false, "load_from_db": false, "name": "openai_api_version", "placeholder": "", "required": false, "show": true, "title_case": false, "tool_mode": false, "trace_as_input": true, "trace_as_metadata": true, "type": "str", "value": ""}, "openai_organization": {"_input_type": "MessageTextInput", "advanced": true, "display_name": "OpenAI Organization", "dynamic": false, "info": "", "input_types": ["Message"], "list": false, "load_from_db": false, "name": "openai_organization", "placeholder": "", "required": false, "show": true, "title_case": false, "tool_mode": false, "trace_as_input": true, "trace_as_metadata": true, "type": "str", "value": ""}, "openai_proxy": {"_input_type": "MessageTextInput", "advanced": true, "display_name": "OpenAI Proxy", "dynamic": false, "info": "", "input_types": ["Message"], "list": false, "load_from_db": false, "name": "openai_proxy", "placeholder": "", "required": false, "show": true, "title_case": false, "tool_mode": false, "trace_as_input": true, "trace_as_metadata": true, "type": "str", "value": ""}, "request_timeout": {"_input_type": "FloatInput", "advanced": true, "display_name": "Request Timeout", "dynamic": false, "info": "", "list": false, "name": "request_timeout", "placeholder": "", "required": false, "show": true, "title_case": false, "trace_as_metadata": true, "type": "float", "value": ""}, "show_progress_bar": {"_input_type": "BoolInput", "advanced": true, "display_name": "Show Progress Bar", "dynamic": false, "info": "", "list": false, "name": "show_progress_bar", "placeholder": "", "required": false, "show": true, "title_case": false, "trace_as_metadata": true, "type": "bool", "value": false}, "skip_empty": {"_input_type": "BoolInput", "advanced": true, "display_name": "Skip Empty", "dynamic": false, "info": "", "list": false, "name": "skip_empty", "placeholder": "", "required": false, "show": true, "title_case": false, "trace_as_metadata": true, "type": "bool", "value": false}, "tiktoken_enable": {"_input_type": "BoolInput", "advanced": true, "display_name": "TikToken Enable", "dynamic": false, "info": "If False, you must have transformers installed.", "list": false, "name": "tiktoken_enable", "placeholder": "", "required": false, "show": true, "title_case": false, "trace_as_metadata": true, "type": "bool", "value": true}, "tiktoken_model_name": {"_input_type": "MessageTextInput", "advanced": true, "display_name": "TikToken Model Name", "dynamic": false, "info": "", "input_types": ["Message"], "list": false, "load_from_db": false, "name": "tiktoken_model_name", "placeholder": "", "required": false, "show": true, "title_case": false, "tool_mode": false, "trace_as_input": true, "trace_as_metadata": true, "type": "str", "value": ""}}, "tool_mode": false}, "type": "OpenAIEmbeddings"}, "dragging": false, "height": 320, "id": "OpenAIEmbeddings-NhdkG", "measured": {"height": 320, "width": 320}, "position": {"x": 2173.9612038407417, "y": 1701.9273175146518}, "positionAbsolute": {"x": 1690.9220896443658, "y": 1866.483269483266}, "selected": false, "type": "genericNode", "width": 320}, {"id": "RecursiveCharacterTextSplitter-qsyy7", "type": "genericNode", "position": {"x": 2171.5690768822715, "y": 1076.2830971364945}, "data": {"node": {"template": {"_type": "Component", "data_input": {"tool_mode": false, "trace_as_metadata": true, "list": false, "list_add_label": "Add More", "trace_as_input": true, "required": true, "placeholder": "", "show": true, "name": "data_input", "value": "", "display_name": "Input", "advanced": false, "input_types": ["Document", "Data"], "dynamic": false, "info": "The texts to split.", "title_case": false, "type": "other", "_input_type": "DataInput"}, "chunk_overlap": {"tool_mode": false, "trace_as_metadata": true, "list": false, "list_add_label": "Add More", "required": false, "placeholder": "", "show": true, "name": "chunk_overlap", "value": 200, "display_name": "Chunk Overlap", "advanced": false, "dynamic": false, "info": "The amount of overlap between chunks.", "title_case": false, "type": "int", "_input_type": "IntInput"}, "chunk_size": {"tool_mode": false, "trace_as_metadata": true, "list": false, "list_add_label": "Add More", "required": false, "placeholder": "", "show": true, "name": "chunk_size", "value": 3000, "display_name": "Chunk Size", "advanced": false, "dynamic": false, "info": "The maximum length of each chunk.", "title_case": false, "type": "int", "_input_type": "IntInput"}, "code": {"type": "code", "required": true, "placeholder": "", "list": false, "show": true, "multiline": true, "value": "from typing import Any\n\nfrom langchain_text_splitters import RecursiveCharacterTextSplitter, TextSplitter\n\nfrom langflow.base.textsplitters.model import LCTextSplitterComponent\nfrom langflow.inputs.inputs import DataInput, IntInput, MessageTextInput\nfrom langflow.utils.util import unescape_string\n\n\nclass RecursiveCharacterTextSplitterComponent(LCTextSplitterComponent):\n    display_name: str = \"Recursive Character Text Splitter\"\n    description: str = \"Split text trying to keep all related text together.\"\n    documentation: str = \"https://docs.langflow.org/components-processing\"\n    name = \"RecursiveCharacterTextSplitter\"\n    icon = \"LangChain\"\n\n    inputs = [\n        IntInput(\n            name=\"chunk_size\",\n            display_name=\"Chunk Size\",\n            info=\"The maximum length of each chunk.\",\n            value=1000,\n        ),\n        IntInput(\n            name=\"chunk_overlap\",\n            display_name=\"Chunk Overlap\",\n            info=\"The amount of overlap between chunks.\",\n            value=200,\n        ),\n        DataInput(\n            name=\"data_input\",\n            display_name=\"Input\",\n            info=\"The texts to split.\",\n            input_types=[\"Document\", \"Data\"],\n            required=True,\n        ),\n        MessageTextInput(\n            name=\"separators\",\n            display_name=\"Separators\",\n            info='The characters to split on.\\nIf left empty defaults to [\"\\\\n\\\\n\", \"\\\\n\", \" \", \"\"].',\n            is_list=True,\n        ),\n    ]\n\n    def get_data_input(self) -> Any:\n        return self.data_input\n\n    def build_text_splitter(self) -> TextSplitter:\n        if not self.separators:\n            separators: list[str] | None = None\n        else:\n            # check if the separators list has escaped characters\n            # if there are escaped characters, unescape them\n            separators = [unescape_string(x) for x in self.separators]\n\n        return RecursiveCharacterTextSplitter(\n            separators=separators,\n            chunk_size=self.chunk_size,\n            chunk_overlap=self.chunk_overlap,\n        )\n", "fileTypes": [], "file_path": "", "password": false, "name": "code", "advanced": true, "dynamic": true, "info": "", "load_from_db": false, "title_case": false}, "separators": {"tool_mode": false, "trace_as_input": true, "trace_as_metadata": true, "load_from_db": false, "list": true, "list_add_label": "Add More", "required": false, "placeholder": "", "show": true, "name": "separators", "value": "", "display_name": "Separators", "advanced": false, "input_types": ["Message"], "dynamic": false, "info": "The characters to split on.\nIf left empty defaults to [\"\\n\\n\", \"\\n\", \" \", \"\"].", "title_case": false, "type": "str", "_input_type": "MessageTextInput"}}, "description": "Split text trying to keep all related text together.", "icon": "LangChain", "base_classes": ["Data"], "display_name": "Recursive Character Text Splitter", "documentation": "https://docs.langflow.org/components-processing", "minimized": false, "custom_fields": {}, "output_types": [], "pinned": false, "conditional_paths": [], "frozen": false, "outputs": [{"types": ["Data"], "selected": "Data", "name": "data", "display_name": "Data", "method": "transform_data", "value": "__UNDEFINED__", "cache": true, "required_inputs": [], "allows_loop": false, "tool_mode": true}], "field_order": ["chunk_size", "chunk_overlap", "data_input", "separators"], "beta": false, "legacy": false, "edited": false, "metadata": {}, "tool_mode": false, "category": "langchain_utilities", "key": "RecursiveCharacterTextSplitter", "score": 0.10023052380778996, "lf_version": "1.4.0"}, "showNode": true, "type": "RecursiveCharacterTextSplitter", "id": "RecursiveCharacterTextSplitter-qsyy7"}, "selected": false, "measured": {"width": 320, "height": 463}, "dragging": false}, {"id": "Directory-g0VV9", "type": "genericNode", "position": {"x": 1231.4747753001277, "y": 1419.519498407225}, "data": {"node": {"template": {"_type": "Component", "code": {"type": "code", "required": true, "placeholder": "", "list": false, "show": true, "multiline": true, "value": "from langflow.base.data.utils import TEXT_FILE_TYPES, parallel_load_data, parse_text_file_to_data, retrieve_file_paths\nfrom langflow.custom import Component\nfrom langflow.io import BoolInput, IntInput, MessageTextInput, MultiselectInput\nfrom langflow.schema import Data\nfrom langflow.schema.dataframe import DataFrame\nfrom langflow.template import Output\n\n\nclass DirectoryComponent(Component):\n    display_name = \"Directory\"\n    description = \"Recursively load files from a directory.\"\n    icon = \"folder\"\n    name = \"Directory\"\n\n    inputs = [\n        MessageTextInput(\n            name=\"path\",\n            display_name=\"Path\",\n            info=\"Path to the directory to load files from. Defaults to current directory ('.')\",\n            value=\".\",\n            tool_mode=True,\n        ),\n        MultiselectInput(\n            name=\"types\",\n            display_name=\"File Types\",\n            info=\"File types to load. Select one or more types or leave empty to load all supported types.\",\n            options=TEXT_FILE_TYPES,\n            value=[],\n        ),\n        IntInput(\n            name=\"depth\",\n            display_name=\"Depth\",\n            info=\"Depth to search for files.\",\n            value=0,\n        ),\n        IntInput(\n            name=\"max_concurrency\",\n            display_name=\"Max Concurrency\",\n            advanced=True,\n            info=\"Maximum concurrency for loading files.\",\n            value=2,\n        ),\n        BoolInput(\n            name=\"load_hidden\",\n            display_name=\"Load Hidden\",\n            advanced=True,\n            info=\"If true, hidden files will be loaded.\",\n        ),\n        BoolInput(\n            name=\"recursive\",\n            display_name=\"Recursive\",\n            advanced=True,\n            info=\"If true, the search will be recursive.\",\n        ),\n        BoolInput(\n            name=\"silent_errors\",\n            display_name=\"Silent Errors\",\n            advanced=True,\n            info=\"If true, errors will not raise an exception.\",\n        ),\n        BoolInput(\n            name=\"use_multithreading\",\n            display_name=\"Use Multithreading\",\n            advanced=True,\n            info=\"If true, multithreading will be used.\",\n        ),\n    ]\n\n    outputs = [\n        Output(display_name=\"Data\", name=\"data\", method=\"load_directory\"),\n        Output(display_name=\"DataFrame\", name=\"dataframe\", method=\"as_dataframe\"),\n    ]\n\n    def load_directory(self) -> list[Data]:\n        path = self.path\n        types = self.types\n        depth = self.depth\n        max_concurrency = self.max_concurrency\n        load_hidden = self.load_hidden\n        recursive = self.recursive\n        silent_errors = self.silent_errors\n        use_multithreading = self.use_multithreading\n\n        resolved_path = self.resolve_path(path)\n\n        # If no types are specified, use all supported types\n        if not types:\n            types = TEXT_FILE_TYPES\n\n        # Check if all specified types are valid\n        invalid_types = [t for t in types if t not in TEXT_FILE_TYPES]\n        if invalid_types:\n            msg = f\"Invalid file types specified: {invalid_types}. Valid types are: {TEXT_FILE_TYPES}\"\n            raise ValueError(msg)\n\n        valid_types = types\n\n        file_paths = retrieve_file_paths(\n            resolved_path, load_hidden=load_hidden, recursive=recursive, depth=depth, types=valid_types\n        )\n\n        loaded_data = []\n        if use_multithreading:\n            loaded_data = parallel_load_data(file_paths, silent_errors=silent_errors, max_concurrency=max_concurrency)\n        else:\n            loaded_data = [parse_text_file_to_data(file_path, silent_errors=silent_errors) for file_path in file_paths]\n\n        valid_data = [x for x in loaded_data if x is not None and isinstance(x, Data)]\n        self.status = valid_data\n        return valid_data\n\n    def as_dataframe(self) -> DataFrame:\n        return DataFrame(self.load_directory())\n", "fileTypes": [], "file_path": "", "password": false, "name": "code", "advanced": true, "dynamic": true, "info": "", "load_from_db": false, "title_case": false}, "depth": {"tool_mode": false, "trace_as_metadata": true, "list": false, "list_add_label": "Add More", "required": false, "placeholder": "", "show": true, "name": "depth", "value": 0, "display_name": "Depth", "advanced": false, "dynamic": false, "info": "Depth to search for files.", "title_case": false, "type": "int", "_input_type": "IntInput"}, "load_hidden": {"tool_mode": false, "trace_as_metadata": true, "list": false, "list_add_label": "Add More", "required": false, "placeholder": "", "show": true, "name": "load_hidden", "value": false, "display_name": "Load Hidden", "advanced": true, "dynamic": false, "info": "If true, hidden files will be loaded.", "title_case": false, "type": "bool", "_input_type": "BoolInput"}, "max_concurrency": {"tool_mode": false, "trace_as_metadata": true, "list": false, "list_add_label": "Add More", "required": false, "placeholder": "", "show": true, "name": "max_concurrency", "value": 2, "display_name": "Max Concurrency", "advanced": true, "dynamic": false, "info": "Maximum concurrency for loading files.", "title_case": false, "type": "int", "_input_type": "IntInput"}, "path": {"tool_mode": true, "trace_as_input": true, "trace_as_metadata": true, "load_from_db": false, "list": false, "list_add_label": "Add More", "required": false, "placeholder": "", "show": true, "name": "path", "value": "/Users/apercky/langflow/langflow-data/user_guide", "display_name": "Path", "advanced": false, "input_types": ["Message"], "dynamic": false, "info": "Path to the directory to load files from. Defaults to current directory ('.')", "title_case": false, "type": "str", "_input_type": "MessageTextInput"}, "recursive": {"tool_mode": false, "trace_as_metadata": true, "list": false, "list_add_label": "Add More", "required": false, "placeholder": "", "show": true, "name": "recursive", "value": false, "display_name": "Recursive", "advanced": true, "dynamic": false, "info": "If true, the search will be recursive.", "title_case": false, "type": "bool", "_input_type": "BoolInput"}, "silent_errors": {"tool_mode": false, "trace_as_metadata": true, "list": false, "list_add_label": "Add More", "required": false, "placeholder": "", "show": true, "name": "silent_errors", "value": false, "display_name": "Silent Errors", "advanced": true, "dynamic": false, "info": "If true, errors will not raise an exception.", "title_case": false, "type": "bool", "_input_type": "BoolInput"}, "types": {"tool_mode": false, "trace_as_metadata": true, "options": ["txt", "md", "mdx", "csv", "json", "yaml", "yml", "xml", "html", "htm", "pdf", "docx", "py", "sh", "sql", "js", "ts", "tsx"], "combobox": false, "list": true, "list_add_label": "Add More", "required": false, "placeholder": "", "show": true, "name": "types", "value": ["txt", "pdf", "docx"], "display_name": "File Types", "advanced": false, "dynamic": false, "info": "File types to load. Select one or more types or leave empty to load all supported types.", "title_case": false, "type": "str", "_input_type": "MultiselectInput"}, "use_multithreading": {"tool_mode": false, "trace_as_metadata": true, "list": false, "list_add_label": "Add More", "required": false, "placeholder": "", "show": true, "name": "use_multithreading", "value": false, "display_name": "Use Multithreading", "advanced": true, "dynamic": false, "info": "If true, multithreading will be used.", "title_case": false, "type": "bool", "_input_type": "BoolInput"}}, "description": "Recursively load files from a directory.", "icon": "folder", "base_classes": ["Data", "DataFrame"], "display_name": "Directory", "documentation": "", "minimized": false, "custom_fields": {}, "output_types": [], "pinned": false, "conditional_paths": [], "frozen": false, "outputs": [{"types": ["Data"], "selected": "Data", "name": "data", "display_name": "Data", "method": "load_directory", "value": "__UNDEFINED__", "cache": true, "allows_loop": false, "tool_mode": true}, {"types": ["DataFrame"], "selected": "DataFrame", "name": "dataframe", "display_name": "DataFrame", "method": "as_dataframe", "value": "__UNDEFINED__", "cache": true, "allows_loop": false, "tool_mode": true}], "field_order": ["path", "types", "depth", "max_concurrency", "load_hidden", "recursive", "silent_errors", "use_multithreading"], "beta": false, "legacy": false, "edited": false, "metadata": {}, "tool_mode": false, "category": "data", "key": "Directory", "score": 0.001, "lf_version": "1.4.0"}, "showNode": true, "type": "Directory", "id": "Directory-g0VV9"}, "selected": false, "measured": {"width": 320, "height": 439}, "dragging": false}, {"id": "ParseData-v82nU", "type": "genericNode", "position": {"x": 1691.7513276987518, "y": 1090.0952393952923}, "data": {"node": {"template": {"_type": "Component", "data": {"tool_mode": false, "trace_as_metadata": true, "list": true, "list_add_label": "Add More", "trace_as_input": true, "required": true, "placeholder": "", "show": true, "name": "data", "value": "", "display_name": "Data", "advanced": false, "input_types": ["Data"], "dynamic": false, "info": "The data to convert to text.", "title_case": false, "type": "other", "_input_type": "DataInput"}, "code": {"type": "code", "required": true, "placeholder": "", "list": false, "show": true, "multiline": true, "value": "from langflow.custom import Component\nfrom langflow.helpers.data import data_to_text, data_to_text_list\nfrom langflow.io import DataInput, MultilineInput, Output, StrInput\nfrom langflow.schema import Data\nfrom langflow.schema.message import Message\n\n\nclass ParseDataComponent(Component):\n    display_name = \"Data to Message\"\n    description = \"Convert Data objects into Messages using any {field_name} from input data.\"\n    icon = \"message-square\"\n    name = \"ParseData\"\n    legacy = True\n    metadata = {\n        \"legacy_name\": \"Parse Data\",\n    }\n\n    inputs = [\n        DataInput(\n            name=\"data\",\n            display_name=\"Data\",\n            info=\"The data to convert to text.\",\n            is_list=True,\n            required=True,\n        ),\n        MultilineInput(\n            name=\"template\",\n            display_name=\"Template\",\n            info=\"The template to use for formatting the data. \"\n            \"It can contain the keys {text}, {data} or any other key in the Data.\",\n            value=\"{text}\",\n            required=True,\n        ),\n        StrInput(name=\"sep\", display_name=\"Separator\", advanced=True, value=\"\\n\"),\n    ]\n\n    outputs = [\n        Output(\n            display_name=\"Message\",\n            name=\"text\",\n            info=\"Data as a single Message, with each input Data separated by Separator\",\n            method=\"parse_data\",\n        ),\n        Output(\n            display_name=\"Data List\",\n            name=\"data_list\",\n            info=\"Data as a list of new Data, each having `text` formatted by Template\",\n            method=\"parse_data_as_list\",\n        ),\n    ]\n\n    def _clean_args(self) -> tuple[list[Data], str, str]:\n        data = self.data if isinstance(self.data, list) else [self.data]\n        template = self.template\n        sep = self.sep\n        return data, template, sep\n\n    def parse_data(self) -> Message:\n        data, template, sep = self._clean_args()\n        result_string = data_to_text(template, data, sep)\n        self.status = result_string\n        return Message(text=result_string)\n\n    def parse_data_as_list(self) -> list[Data]:\n        data, template, _ = self._clean_args()\n        text_list, data_list = data_to_text_list(template, data)\n        for item, text in zip(data_list, text_list, strict=True):\n            item.set_text(text)\n        self.status = data_list\n        return data_list\n", "fileTypes": [], "file_path": "", "password": false, "name": "code", "advanced": true, "dynamic": true, "info": "", "load_from_db": false, "title_case": false}, "sep": {"tool_mode": false, "trace_as_metadata": true, "load_from_db": false, "list": false, "list_add_label": "Add More", "required": false, "placeholder": "", "show": true, "name": "sep", "value": "\n", "display_name": "Separator", "advanced": true, "dynamic": false, "info": "", "title_case": false, "type": "str", "_input_type": "StrInput"}, "template": {"tool_mode": false, "trace_as_input": true, "multiline": true, "trace_as_metadata": true, "load_from_db": false, "list": false, "list_add_label": "Add More", "required": true, "placeholder": "", "show": true, "name": "template", "value": "{text}", "display_name": "Template", "advanced": false, "input_types": ["Message"], "dynamic": false, "info": "The template to use for formatting the data. It can contain the keys {text}, {data} or any other key in the Data.", "title_case": false, "copy_field": false, "type": "str", "_input_type": "MultilineInput"}}, "description": "Convert Data objects into Messages using any {field_name} from input data.", "icon": "message-square", "base_classes": ["Data", "Message"], "display_name": "Data to Message", "documentation": "", "minimized": false, "custom_fields": {}, "output_types": [], "pinned": false, "conditional_paths": [], "frozen": false, "outputs": [{"types": ["Message"], "selected": "Message", "name": "text", "display_name": "Message", "method": "parse_data", "value": "__UNDEFINED__", "cache": true, "required_inputs": null, "allows_loop": false, "options": null, "tool_mode": true}, {"types": ["Data"], "selected": "Data", "name": "data_list", "display_name": "Data List", "method": "parse_data_as_list", "value": "__UNDEFINED__", "cache": true, "required_inputs": null, "allows_loop": false, "options": null, "tool_mode": true}], "field_order": ["data", "template", "sep"], "beta": false, "legacy": true, "edited": false, "metadata": {"legacy_name": "Parse Data"}, "tool_mode": false, "lf_version": "1.4.0"}, "showNode": true, "type": "ParseData", "id": "ParseData-v82nU"}, "selected": false, "measured": {"width": 320, "height": 340}, "dragging": false}, {"id": "QdrantVectorStoreComponent-GjnRs", "type": "genericNode", "position": {"x": 2765.0448905221065, "y": 1322.491761950264}, "data": {"node": {"template": {"_type": "Component", "embedding": {"trace_as_metadata": true, "list": false, "list_add_label": "Add More", "required": false, "placeholder": "", "show": true, "name": "embedding", "value": "", "display_name": "Embedding", "advanced": false, "input_types": ["Embeddings"], "dynamic": false, "info": "", "title_case": false, "type": "other", "_input_type": "HandleInput"}, "ingest_data": {"trace_as_metadata": true, "list": true, "list_add_label": "Add More", "required": false, "placeholder": "", "show": true, "name": "ingest_data", "value": "", "display_name": "Ingest Data", "advanced": false, "input_types": ["Data", "DataFrame"], "dynamic": false, "info": "", "title_case": false, "type": "other", "_input_type": "HandleInput"}, "api_key": {"load_from_db": false, "required": false, "placeholder": "", "show": true, "name": "api_key", "value": null, "display_name": "API Key", "advanced": true, "input_types": [], "dynamic": false, "info": "", "title_case": false, "password": true, "type": "str", "_input_type": "SecretStrInput"}, "code": {"type": "code", "required": true, "placeholder": "", "list": false, "show": true, "multiline": true, "value": "from langchain.embeddings.base import Embeddings\nfrom langchain_community.vectorstores import Qdrant\n\nfrom langflow.base.vectorstores.model import LCVectorStoreComponent, check_cached_vector_store\nfrom langflow.helpers.data import docs_to_data\nfrom langflow.io import (\n    DropdownInput,\n    HandleInput,\n    IntInput,\n    SecretStrInput,\n    StrInput,\n)\nfrom langflow.schema import Data\n\n\nclass QdrantVectorStoreComponent(LCVectorStoreComponent):\n    display_name = \"Qdrant\"\n    description = \"Qdrant Vector Store with search capabilities\"\n    icon = \"Qdrant\"\n\n    inputs = [\n        StrInput(name=\"collection_name\", display_name=\"Collection Name\", required=True),\n        StrInput(name=\"host\", display_name=\"Host\", value=\"localhost\", advanced=True),\n        IntInput(name=\"port\", display_name=\"Port\", value=6333, advanced=True),\n        IntInput(name=\"grpc_port\", display_name=\"gRPC Port\", value=6334, advanced=True),\n        SecretStrInput(name=\"api_key\", display_name=\"API Key\", advanced=True),\n        StrInput(name=\"prefix\", display_name=\"Prefix\", advanced=True),\n        IntInput(name=\"timeout\", display_name=\"Timeout\", advanced=True),\n        StrInput(name=\"path\", display_name=\"Path\", advanced=True),\n        StrInput(name=\"url\", display_name=\"URL\", advanced=True),\n        DropdownInput(\n            name=\"distance_func\",\n            display_name=\"Distance Function\",\n            options=[\"Cosine\", \"Euclidean\", \"Dot Product\"],\n            value=\"Cosine\",\n            advanced=True,\n        ),\n        StrInput(name=\"content_payload_key\", display_name=\"Content Payload Key\", value=\"page_content\", advanced=True),\n        StrInput(name=\"metadata_payload_key\", display_name=\"Metadata Payload Key\", value=\"metadata\", advanced=True),\n        *LCVectorStoreComponent.inputs,\n        HandleInput(name=\"embedding\", display_name=\"Embedding\", input_types=[\"Embeddings\"]),\n        IntInput(\n            name=\"number_of_results\",\n            display_name=\"Number of Results\",\n            info=\"Number of results to return.\",\n            value=4,\n            advanced=True,\n        ),\n    ]\n\n    @check_cached_vector_store\n    def build_vector_store(self) -> Qdrant:\n        qdrant_kwargs = {\n            \"collection_name\": self.collection_name,\n            \"content_payload_key\": self.content_payload_key,\n            \"metadata_payload_key\": self.metadata_payload_key,\n        }\n\n        server_kwargs = {\n            \"host\": self.host or None,\n            \"port\": int(self.port),  # Ensure port is an integer\n            \"grpc_port\": int(self.grpc_port),  # Ensure grpc_port is an integer\n            \"api_key\": self.api_key,\n            \"prefix\": self.prefix,\n            # Ensure timeout is an integer\n            \"timeout\": int(self.timeout) if self.timeout else None,\n            \"path\": self.path or None,\n            \"url\": self.url or None,\n        }\n\n        server_kwargs = {k: v for k, v in server_kwargs.items() if v is not None}\n\n        # Convert DataFrame to Data if needed using parent's method\n        self.ingest_data = self._prepare_ingest_data()\n\n        documents = []\n        for _input in self.ingest_data or []:\n            if isinstance(_input, Data):\n                documents.append(_input.to_lc_document())\n            else:\n                documents.append(_input)\n\n        if not isinstance(self.embedding, Embeddings):\n            msg = \"Invalid embedding object\"\n            raise TypeError(msg)\n\n        if documents:\n            qdrant = Qdrant.from_documents(documents, embedding=self.embedding, **qdrant_kwargs, **server_kwargs)\n        else:\n            from qdrant_client import QdrantClient\n\n            client = QdrantClient(**server_kwargs)\n            qdrant = Qdrant(embeddings=self.embedding, client=client, **qdrant_kwargs)\n\n        return qdrant\n\n    def search_documents(self) -> list[Data]:\n        vector_store = self.build_vector_store()\n\n        if self.search_query and isinstance(self.search_query, str) and self.search_query.strip():\n            docs = vector_store.similarity_search(\n                query=self.search_query,\n                k=self.number_of_results,\n            )\n\n            data = docs_to_data(docs)\n            self.status = data\n            return data\n        return []\n", "fileTypes": [], "file_path": "", "password": false, "name": "code", "advanced": true, "dynamic": true, "info": "", "load_from_db": false, "title_case": false}, "collection_name": {"tool_mode": false, "trace_as_metadata": true, "load_from_db": false, "list": false, "list_add_label": "Add More", "required": true, "placeholder": "", "show": true, "name": "collection_name", "value": "onestore2", "display_name": "Collection Name", "advanced": false, "dynamic": false, "info": "", "title_case": false, "type": "str", "_input_type": "StrInput"}, "content_payload_key": {"tool_mode": false, "trace_as_metadata": true, "load_from_db": false, "list": false, "list_add_label": "Add More", "required": false, "placeholder": "", "show": true, "name": "content_payload_key", "value": "page_content", "display_name": "Content Payload Key", "advanced": true, "dynamic": false, "info": "", "title_case": false, "type": "str", "_input_type": "StrInput"}, "distance_func": {"tool_mode": false, "trace_as_metadata": true, "options": ["Cosine", "Euclidean", "Dot Product"], "options_metadata": [], "combobox": false, "dialog_inputs": {}, "toggle": false, "required": false, "placeholder": "", "show": true, "name": "distance_func", "value": "Cosine", "display_name": "Distance Function", "advanced": true, "dynamic": false, "info": "", "title_case": false, "type": "str", "_input_type": "DropdownInput"}, "grpc_port": {"tool_mode": false, "trace_as_metadata": true, "list": false, "list_add_label": "Add More", "required": false, "placeholder": "", "show": true, "name": "grpc_port", "value": 6334, "display_name": "gRPC Port", "advanced": true, "dynamic": false, "info": "", "title_case": false, "type": "int", "_input_type": "IntInput"}, "host": {"tool_mode": false, "trace_as_metadata": true, "load_from_db": false, "list": false, "list_add_label": "Add More", "required": false, "placeholder": "", "show": true, "name": "host", "value": "", "display_name": "Host", "advanced": true, "dynamic": false, "info": "", "title_case": false, "type": "str", "_input_type": "StrInput"}, "metadata_payload_key": {"tool_mode": false, "trace_as_metadata": true, "load_from_db": false, "list": false, "list_add_label": "Add More", "required": false, "placeholder": "", "show": true, "name": "metadata_payload_key", "value": "metadata", "display_name": "Metadata Payload Key", "advanced": false, "dynamic": false, "info": "", "title_case": false, "type": "str", "_input_type": "StrInput"}, "number_of_results": {"tool_mode": false, "trace_as_metadata": true, "list": false, "list_add_label": "Add More", "required": false, "placeholder": "", "show": true, "name": "number_of_results", "value": 4, "display_name": "Number of Results", "advanced": true, "dynamic": false, "info": "Number of results to return.", "title_case": false, "type": "int", "_input_type": "IntInput"}, "path": {"tool_mode": false, "trace_as_metadata": true, "load_from_db": false, "list": false, "list_add_label": "Add More", "required": false, "placeholder": "", "show": true, "name": "path", "value": "", "display_name": "Path", "advanced": true, "dynamic": false, "info": "", "title_case": false, "type": "str", "_input_type": "StrInput"}, "port": {"tool_mode": false, "trace_as_metadata": true, "list": false, "list_add_label": "Add More", "required": false, "placeholder": "", "show": true, "name": "port", "value": 6333, "display_name": "Port", "advanced": true, "dynamic": false, "info": "", "title_case": false, "type": "int", "_input_type": "IntInput"}, "prefix": {"tool_mode": false, "trace_as_metadata": true, "load_from_db": false, "list": false, "list_add_label": "Add More", "required": false, "placeholder": "", "show": true, "name": "prefix", "value": "", "display_name": "Prefix", "advanced": true, "dynamic": false, "info": "", "title_case": false, "type": "str", "_input_type": "StrInput"}, "search_query": {"tool_mode": true, "trace_as_input": true, "trace_as_metadata": true, "load_from_db": false, "list": false, "list_add_label": "Add More", "required": false, "placeholder": "Enter a query...", "show": true, "name": "search_query", "value": "", "display_name": "Search Query", "advanced": false, "input_types": ["Message"], "dynamic": false, "info": "Enter a query to run a similarity search.", "title_case": false, "type": "query", "_input_type": "QueryInput"}, "should_cache_vector_store": {"tool_mode": false, "trace_as_metadata": true, "list": false, "list_add_label": "Add More", "required": false, "placeholder": "", "show": true, "name": "should_cache_vector_store", "value": true, "display_name": "Cache Vector Store", "advanced": true, "dynamic": false, "info": "If True, the vector store will be cached for the current build of the component. This is useful for components that have multiple output methods and want to share the same vector store.", "title_case": false, "type": "bool", "_input_type": "BoolInput"}, "timeout": {"tool_mode": false, "trace_as_metadata": true, "list": false, "list_add_label": "Add More", "required": false, "placeholder": "", "show": true, "name": "timeout", "value": "", "display_name": "Timeout", "advanced": true, "dynamic": false, "info": "", "title_case": false, "type": "int", "_input_type": "IntInput"}, "url": {"tool_mode": false, "trace_as_metadata": true, "load_from_db": false, "list": false, "list_add_label": "Add More", "required": false, "placeholder": "", "show": true, "name": "url", "value": "http://localhost:6333", "display_name": "URL", "advanced": false, "dynamic": false, "info": "", "title_case": false, "type": "str", "_input_type": "StrInput"}}, "description": "Qdrant Vector Store with search capabilities", "icon": "Qdrant", "base_classes": ["Data", "DataFrame"], "display_name": "Qdrant", "documentation": "", "minimized": false, "custom_fields": {}, "output_types": [], "pinned": false, "conditional_paths": [], "frozen": false, "outputs": [{"types": ["Data"], "selected": "Data", "name": "search_results", "display_name": "Search Results", "method": "search_documents", "value": "__UNDEFINED__", "cache": true, "required_inputs": ["collection_name"], "allows_loop": false, "tool_mode": true}, {"types": ["DataFrame"], "selected": "DataFrame", "name": "dataframe", "display_name": "DataFrame", "method": "as_dataframe", "value": "__UNDEFINED__", "cache": true, "required_inputs": [], "allows_loop": false, "tool_mode": true}], "field_order": ["collection_name", "host", "port", "grpc_port", "api_key", "prefix", "timeout", "path", "url", "distance_func", "content_payload_key", "metadata_payload_key", "ingest_data", "search_query", "should_cache_vector_store", "embedding", "number_of_results"], "beta": false, "legacy": false, "edited": false, "metadata": {}, "tool_mode": false, "category": "vectorstores", "key": "QdrantVectorStoreComponent", "score": 5.97035286583837e-05, "lf_version": "1.4.0"}, "showNode": true, "type": "QdrantVectorStoreComponent", "id": "QdrantVectorStoreComponent-GjnRs"}, "selected": false, "measured": {"width": 320, "height": 575}, "dragging": false}, {"id": "File-fK13Y", "type": "genericNode", "position": {"x": 1063.3681711302825, "y": 1054.6193419450926}, "data": {"node": {"template": {"_type": "Component", "file_path": {"trace_as_metadata": true, "list": true, "list_add_label": "Add More", "required": false, "placeholder": "", "show": true, "name": "file_path", "value": "", "display_name": "Server File Path", "advanced": true, "input_types": ["Data", "Message"], "dynamic": false, "info": "Data object with a 'file_path' property pointing to server file or a Message object with a path to the file. Supercedes 'Path' but supports same file types.", "title_case": false, "type": "other", "_input_type": "HandleInput"}, "path": {"trace_as_metadata": true, "file_path": ["47527616-d4be-4d4f-acf0-78a997020ddd/7ea8aa16-f7b1-4d42-881c-88cb46041245.pdf"], "fileTypes": ["txt", "md", "mdx", "csv", "json", "yaml", "yml", "xml", "html", "htm", "pdf", "docx", "py", "sh", "sql", "js", "ts", "tsx", "zip", "tar", "tgz", "bz2", "gz"], "temp_file": false, "list": true, "list_add_label": "Add More", "required": false, "placeholder": "", "show": true, "name": "path", "value": ["OneStore_UserGuide_V3"], "display_name": "Files", "advanced": false, "dynamic": false, "info": "Supported file extensions: txt, md, mdx, csv, json, yaml, yml, xml, html, htm, pdf, docx, py, sh, sql, js, ts, tsx; optionally bundled in file extensions: zip, tar, tgz, bz2, gz", "title_case": false, "type": "file", "_input_type": "FileInput"}, "code": {"type": "code", "required": true, "placeholder": "", "list": false, "show": true, "multiline": true, "value": "from langflow.base.data import BaseFileComponent\nfrom langflow.base.data.utils import TEXT_FILE_TYPES, parallel_load_data, parse_text_file_to_data\nfrom langflow.io import BoolInput, IntInput\nfrom langflow.schema import Data\n\n\nclass FileComponent(BaseFileComponent):\n    \"\"\"Handles loading and processing of individual or zipped text files.\n\n    This component supports processing multiple valid files within a zip archive,\n    resolving paths, validating file types, and optionally using multithreading for processing.\n    \"\"\"\n\n    display_name = \"File\"\n    description = \"Load a file to be used in your project.\"\n    icon = \"file-text\"\n    name = \"File\"\n\n    VALID_EXTENSIONS = TEXT_FILE_TYPES\n\n    inputs = [\n        *BaseFileComponent._base_inputs,\n        BoolInput(\n            name=\"use_multithreading\",\n            display_name=\"[Deprecated] Use Multithreading\",\n            advanced=True,\n            value=True,\n            info=\"Set 'Processing Concurrency' greater than 1 to enable multithreading.\",\n        ),\n        IntInput(\n            name=\"concurrency_multithreading\",\n            display_name=\"Processing Concurrency\",\n            advanced=True,\n            info=\"When multiple files are being processed, the number of files to process concurrently.\",\n            value=1,\n        ),\n    ]\n\n    outputs = [\n        *BaseFileComponent._base_outputs,\n    ]\n\n    def process_files(self, file_list: list[BaseFileComponent.BaseFile]) -> list[BaseFileComponent.BaseFile]:\n        \"\"\"Processes files either sequentially or in parallel, depending on concurrency settings.\n\n        Args:\n            file_list (list[BaseFileComponent.BaseFile]): List of files to process.\n\n        Returns:\n            list[BaseFileComponent.BaseFile]: Updated list of files with merged data.\n        \"\"\"\n\n        def process_file(file_path: str, *, silent_errors: bool = False) -> Data | None:\n            \"\"\"Processes a single file and returns its Data object.\"\"\"\n            try:\n                return parse_text_file_to_data(file_path, silent_errors=silent_errors)\n            except FileNotFoundError as e:\n                msg = f\"File not found: {file_path}. Error: {e}\"\n                self.log(msg)\n                if not silent_errors:\n                    raise\n                return None\n            except Exception as e:\n                msg = f\"Unexpected error processing {file_path}: {e}\"\n                self.log(msg)\n                if not silent_errors:\n                    raise\n                return None\n\n        if not file_list:\n            msg = \"No files to process.\"\n            raise ValueError(msg)\n\n        concurrency = 1 if not self.use_multithreading else max(1, self.concurrency_multithreading)\n        file_count = len(file_list)\n\n        parallel_processing_threshold = 2\n        if concurrency < parallel_processing_threshold or file_count < parallel_processing_threshold:\n            if file_count > 1:\n                self.log(f\"Processing {file_count} files sequentially.\")\n            processed_data = [process_file(str(file.path), silent_errors=self.silent_errors) for file in file_list]\n        else:\n            self.log(f\"Starting parallel processing of {file_count} files with concurrency: {concurrency}.\")\n            file_paths = [str(file.path) for file in file_list]\n            processed_data = parallel_load_data(\n                file_paths,\n                silent_errors=self.silent_errors,\n                load_function=process_file,\n                max_concurrency=concurrency,\n            )\n\n        # Use rollup_basefile_data to merge processed data with BaseFile objects\n        return self.rollup_data(file_list, processed_data)\n", "fileTypes": [], "file_path": "", "password": false, "name": "code", "advanced": true, "dynamic": true, "info": "", "load_from_db": false, "title_case": false}, "concurrency_multithreading": {"tool_mode": false, "trace_as_metadata": true, "list": false, "list_add_label": "Add More", "required": false, "placeholder": "", "show": true, "name": "concurrency_multithreading", "value": 1, "display_name": "Processing Concurrency", "advanced": true, "dynamic": false, "info": "When multiple files are being processed, the number of files to process concurrently.", "title_case": false, "type": "int", "_input_type": "IntInput"}, "delete_server_file_after_processing": {"tool_mode": false, "trace_as_metadata": true, "list": false, "list_add_label": "Add More", "required": false, "placeholder": "", "show": true, "name": "delete_server_file_after_processing", "value": true, "display_name": "Delete Server File After Processing", "advanced": true, "dynamic": false, "info": "If true, the Server File Path will be deleted after processing.", "title_case": false, "type": "bool", "_input_type": "BoolInput"}, "ignore_unspecified_files": {"tool_mode": false, "trace_as_metadata": true, "list": false, "list_add_label": "Add More", "required": false, "placeholder": "", "show": true, "name": "ignore_unspecified_files", "value": false, "display_name": "Ignore Unspecified Files", "advanced": true, "dynamic": false, "info": "If true, Data with no 'file_path' property will be ignored.", "title_case": false, "type": "bool", "_input_type": "BoolInput"}, "ignore_unsupported_extensions": {"tool_mode": false, "trace_as_metadata": true, "list": false, "list_add_label": "Add More", "required": false, "placeholder": "", "show": true, "name": "ignore_unsupported_extensions", "value": true, "display_name": "Ignore Unsupported Extensions", "advanced": true, "dynamic": false, "info": "If true, files with unsupported extensions will not be processed.", "title_case": false, "type": "bool", "_input_type": "BoolInput"}, "separator": {"tool_mode": false, "trace_as_metadata": true, "load_from_db": false, "list": false, "list_add_label": "Add More", "required": false, "placeholder": "", "show": true, "name": "separator", "value": "\n\n", "display_name": "Separator", "advanced": true, "dynamic": false, "info": "Specify the separator to use between multiple outputs in Message format.", "title_case": false, "type": "str", "_input_type": "StrInput"}, "silent_errors": {"tool_mode": false, "trace_as_metadata": true, "list": false, "list_add_label": "Add More", "required": false, "placeholder": "", "show": true, "name": "silent_errors", "value": false, "display_name": "Silent Errors", "advanced": true, "dynamic": false, "info": "If true, errors will not raise an exception.", "title_case": false, "type": "bool", "_input_type": "BoolInput"}, "use_multithreading": {"tool_mode": false, "trace_as_metadata": true, "list": false, "list_add_label": "Add More", "required": false, "placeholder": "", "show": true, "name": "use_multithreading", "value": true, "display_name": "[Deprecated] Use Multithreading", "advanced": true, "dynamic": false, "info": "Set 'Processing Concurrency' greater than 1 to enable multithreading.", "title_case": false, "type": "bool", "_input_type": "BoolInput"}}, "description": "Load a file to be used in your project.", "icon": "file-text", "base_classes": ["Data", "DataFrame", "Message"], "display_name": "File", "documentation": "", "minimized": false, "custom_fields": {}, "output_types": [], "pinned": false, "conditional_paths": [], "frozen": false, "outputs": [{"types": ["Data"], "selected": "Data", "name": "data", "display_name": "Data", "method": "load_files", "value": "__UNDEFINED__", "cache": true, "required_inputs": [], "allows_loop": false, "tool_mode": true}, {"types": ["DataFrame"], "selected": "DataFrame", "name": "dataframe", "display_name": "DataFrame", "method": "load_dataframe", "value": "__UNDEFINED__", "cache": true, "required_inputs": [], "allows_loop": false, "tool_mode": true}, {"types": ["Message"], "selected": "Message", "name": "message", "display_name": "Message", "method": "load_message", "value": "__UNDEFINED__", "cache": true, "required_inputs": [], "allows_loop": false, "tool_mode": true}], "field_order": ["path", "file_path", "separator", "silent_errors", "delete_server_file_after_processing", "ignore_unsupported_extensions", "ignore_unspecified_files", "use_multithreading", "concurrency_multithreading"], "beta": false, "legacy": false, "edited": false, "metadata": {}, "tool_mode": false, "category": "data", "key": "File", "score": 9.159206968830713e-17, "lf_version": "1.4.0"}, "showNode": true, "type": "File", "id": "File-fK13Y"}, "selected": false, "measured": {"width": 320, "height": 330}}], "edges": [{"source": "ParseData-v82nU", "sourceHandle": "{\u0153dataType\u0153:\u0153ParseData\u0153,\u0153id\u0153:\u0153ParseData-v82nU\u0153,\u0153name\u0153:\u0153data_list\u0153,\u0153output_types\u0153:[\u0153Data\u0153]}", "target": "RecursiveCharacterTextSplitter-qsyy7", "targetHandle": "{\u0153fieldName\u0153:\u0153data_input\u0153,\u0153id\u0153:\u0153RecursiveCharacterTextSplitter-qsyy7\u0153,\u0153inputTypes\u0153:[\u0153Document\u0153,\u0153Data\u0153],\u0153type\u0153:\u0153other\u0153}", "data": {"targetHandle": {"fieldName": "data_input", "id": "RecursiveCharacterTextSplitter-qsyy7", "inputTypes": ["Document", "Data"], "type": "other"}, "sourceHandle": {"dataType": "ParseData", "id": "ParseData-v82nU", "name": "data_list", "output_types": ["Data"]}}, "id": "xy-edge__ParseData-v82nU{\u0153dataType\u0153:\u0153ParseData\u0153,\u0153id\u0153:\u0153ParseData-v82nU\u0153,\u0153name\u0153:\u0153data_list\u0153,\u0153output_types\u0153:[\u0153Data\u0153]}-RecursiveCharacterTextSplitter-qsyy7{\u0153fieldName\u0153:\u0153data_input\u0153,\u0153id\u0153:\u0153RecursiveCharacterTextSplitter-qsyy7\u0153,\u0153inputTypes\u0153:[\u0153Document\u0153,\u0153Data\u0153],\u0153type\u0153:\u0153other\u0153}", "animated": false, "className": "", "selected": false}, {"source": "RecursiveCharacterTextSplitter-qsyy7", "sourceHandle": "{\u0153dataType\u0153:\u0153RecursiveCharacterTextSplitter\u0153,\u0153id\u0153:\u0153RecursiveCharacterTextSplitter-qsyy7\u0153,\u0153name\u0153:\u0153data\u0153,\u0153output_types\u0153:[\u0153Data\u0153]}", "target": "QdrantVectorStoreComponent-GjnRs", "targetHandle": "{\u0153fieldName\u0153:\u0153ingest_data\u0153,\u0153id\u0153:\u0153QdrantVectorStoreComponent-GjnRs\u0153,\u0153inputTypes\u0153:[\u0153Data\u0153,\u0153DataFrame\u0153],\u0153type\u0153:\u0153other\u0153}", "data": {"targetHandle": {"fieldName": "ingest_data", "id": "QdrantVectorStoreComponent-GjnRs", "inputTypes": ["Data", "DataFrame"], "type": "other"}, "sourceHandle": {"dataType": "RecursiveCharacterTextSplitter", "id": "RecursiveCharacterTextSplitter-qsyy7", "name": "data", "output_types": ["Data"]}}, "id": "xy-edge__RecursiveCharacterTextSplitter-qsyy7{\u0153dataType\u0153:\u0153RecursiveCharacterTextSplitter\u0153,\u0153id\u0153:\u0153RecursiveCharacterTextSplitter-qsyy7\u0153,\u0153name\u0153:\u0153data\u0153,\u0153output_types\u0153:[\u0153Data\u0153]}-QdrantVectorStoreComponent-GjnRs{\u0153fieldName\u0153:\u0153ingest_data\u0153,\u0153id\u0153:\u0153QdrantVectorStoreComponent-GjnRs\u0153,\u0153inputTypes\u0153:[\u0153Data\u0153,\u0153DataFrame\u0153],\u0153type\u0153:\u0153other\u0153}", "selected": false, "animated": false, "className": ""}, {"source": "OpenAIEmbeddings-NhdkG", "sourceHandle": "{\u0153dataType\u0153:\u0153OpenAIEmbeddings\u0153,\u0153id\u0153:\u0153OpenAIEmbeddings-NhdkG\u0153,\u0153name\u0153:\u0153embeddings\u0153,\u0153output_types\u0153:[\u0153Embeddings\u0153]}", "target": "QdrantVectorStoreComponent-GjnRs", "targetHandle": "{\u0153fieldName\u0153:\u0153embedding\u0153,\u0153id\u0153:\u0153QdrantVectorStoreComponent-GjnRs\u0153,\u0153inputTypes\u0153:[\u0153Embeddings\u0153],\u0153type\u0153:\u0153other\u0153}", "data": {"targetHandle": {"fieldName": "embedding", "id": "QdrantVectorStoreComponent-GjnRs", "inputTypes": ["Embeddings"], "type": "other"}, "sourceHandle": {"dataType": "OpenAIEmbeddings", "id": "OpenAIEmbeddings-NhdkG", "name": "embeddings", "output_types": ["Embeddings"]}}, "id": "xy-edge__OpenAIEmbeddings-NhdkG{\u0153dataType\u0153:\u0153OpenAIEmbeddings\u0153,\u0153id\u0153:\u0153OpenAIEmbeddings-NhdkG\u0153,\u0153name\u0153:\u0153embeddings\u0153,\u0153output_types\u0153:[\u0153Embeddings\u0153]}-QdrantVectorStoreComponent-GjnRs{\u0153fieldName\u0153:\u0153embedding\u0153,\u0153id\u0153:\u0153QdrantVectorStoreComponent-GjnRs\u0153,\u0153inputTypes\u0153:[\u0153Embeddings\u0153],\u0153type\u0153:\u0153other\u0153}", "selected": false, "animated": false, "className": ""}, {"source": "File-fK13Y", "sourceHandle": "{\u0153dataType\u0153:\u0153File\u0153,\u0153id\u0153:\u0153File-fK13Y\u0153,\u0153name\u0153:\u0153data\u0153,\u0153output_types\u0153:[\u0153Data\u0153]}", "target": "ParseData-v82nU", "targetHandle": "{\u0153fieldName\u0153:\u0153data\u0153,\u0153id\u0153:\u0153ParseData-v82nU\u0153,\u0153inputTypes\u0153:[\u0153Data\u0153],\u0153type\u0153:\u0153other\u0153}", "data": {"targetHandle": {"fieldName": "data", "id": "ParseData-v82nU", "inputTypes": ["Data"], "type": "other"}, "sourceHandle": {"dataType": "File", "id": "File-fK13Y", "name": "data", "output_types": ["Data"]}}, "id": "xy-edge__File-fK13Y{\u0153dataType\u0153:\u0153File\u0153,\u0153id\u0153:\u0153File-fK13Y\u0153,\u0153name\u0153:\u0153data\u0153,\u0153output_types\u0153:[\u0153Data\u0153]}-ParseData-v82nU{\u0153fieldName\u0153:\u0153data\u0153,\u0153id\u0153:\u0153ParseData-v82nU\u0153,\u0153inputTypes\u0153:[\u0153Data\u0153],\u0153type\u0153:\u0153other\u0153}", "selected": false, "animated": false, "className": ""}], "viewport": {"x": -450.27030297901433, "y": -538.1718078950402, "zoom": 0.5823667848933031}}, "is_component": false, "updated_at": "2025-05-08T14:10:00+00:00", "webhook": false, "endpoint_name": null, "tags": [], "locked": false, "mcp_enabled": false, "action_name": null, "action_description": null, "access_type": "PRIVATE", "id": "218e6caf-3fb8-4fbb-8ac7-9fcf64d6987b", "user_id": "47527616-d4be-4d4f-acf0-78a997020ddd", "folder_id": "a6355346-4c07-495b-8c2e-9fdf2c213b0f"}